growth_rate,cost,is_pareto,n_batch,n_start,n_candidates,init_growth_rate,init_cost
0.25508404,1257.3295,False,80,50,15,0.8217947382570283,1239.59670934
0.11920618,1702.5094,False,80,50,15,0.8217947382570283,1239.59670934
0.44935706,1757.1671,False,80,50,15,0.8217947382570283,1239.59670934
0.35349336,1162.9912,False,80,50,15,0.8217947382570283,1239.59670934
0.16386661,479.81674,False,80,50,15,0.8217947382570283,1239.59670934
0.26669613,1342.6542,False,80,50,15,0.8217947382570283,1239.59670934
0.18836859,1119.5045,False,80,50,15,0.8217947382570283,1239.59670934
0.4083605,822.13245,False,80,50,15,0.8217947382570283,1239.59670934
0.11377289,702.0639,False,80,50,15,0.8217947382570283,1239.59670934
0.3072369,1012.29407,False,80,50,15,0.8217947382570283,1239.59670934
0.37811312,856.12976,False,80,50,15,0.8217947382570283,1239.59670934
0.14386381,1431.9232,False,80,50,15,0.8217947382570283,1239.59670934
0.52850705,927.8918,False,80,50,15,0.8217947382570283,1239.59670934
0.14968991,794.97577,False,80,50,15,0.8217947382570283,1239.59670934
0.13751142,641.0394,False,80,50,15,0.8217947382570283,1239.59670934
0.1802211,648.47345,False,80,50,15,0.8217947382570283,1239.59670934
0.35862267,1255.1405,False,80,50,15,0.8217947382570283,1239.59670934
0.075695604,526.22614,False,80,50,15,0.8217947382570283,1239.59670934
0.25301754,1236.941,False,80,50,15,0.8217947382570283,1239.59670934
0.092703715,1262.4751,False,80,50,15,0.8217947382570283,1239.59670934
0.045453783,1560.6255,False,80,50,15,0.8217947382570283,1239.59670934
0.063359424,1129.4175,False,80,50,15,0.8217947382570283,1239.59670934
0.3236601,1593.3579,False,80,50,15,0.8217947382570283,1239.59670934
0.05230864,1890.0028,False,80,50,15,0.8217947382570283,1239.59670934
0.08119476,1580.1373,False,80,50,15,0.8217947382570283,1239.59670934
0.14371021,1103.6986,False,80,50,15,0.8217947382570283,1239.59670934
0.13701507,676.3668,False,80,50,15,0.8217947382570283,1239.59670934
0.416768,1097.535,False,80,50,15,0.8217947382570283,1239.59670934
0.11048463,788.51105,False,80,50,15,0.8217947382570283,1239.59670934
0.3493992,1138.4742,False,80,50,15,0.8217947382570283,1239.59670934
0.5409122,1128.3743,False,80,50,15,0.8217947382570283,1239.59670934
0.27027917,1369.2003,False,80,50,15,0.8217947382570283,1239.59670934
0.003778548,1378.2711,False,80,50,15,0.8217947382570283,1239.59670934
0.0883691,680.55334,False,80,50,15,0.8217947382570283,1239.59670934
0.17167899,1093.8927,False,80,50,15,0.8217947382570283,1239.59670934
0.3018393,813.48157,False,80,50,15,0.8217947382570283,1239.59670934
0.21927996,1231.1238,False,80,50,15,0.8217947382570283,1239.59670934
0.19375752,1578.9159,False,80,50,15,0.8217947382570283,1239.59670934
0.05023692,1132.5186,False,80,50,15,0.8217947382570283,1239.59670934
0.0023371151,1093.1893,False,80,50,15,0.8217947382570283,1239.59670934
0.3998152,1029.6436,False,80,50,15,0.8217947382570283,1239.59670934
0.685098,1707.6456,False,80,50,15,0.8217947382570283,1239.59670934
0.14508434,1479.1118,False,80,50,15,0.8217947382570283,1239.59670934
0.4416659,1145.4989,False,80,50,15,0.8217947382570283,1239.59670934
0.02511801,1241.4128,False,80,50,15,0.8217947382570283,1239.59670934
0.21699466,1058.4325,False,80,50,15,0.8217947382570283,1239.59670934
0.22532335,1685.7692,False,80,50,15,0.8217947382570283,1239.59670934
0.08819587,974.2262,False,80,50,15,0.8217947382570283,1239.59670934
0.13313295,1452.3407,False,80,50,15,0.8217947382570283,1239.59670934
0.70645297,1531.7358,False,80,50,15,0.8217947382570283,1239.59670934
6.0544214e-14,229.9306,False,80,50,15,0.8217947382570283,1239.59670934
7.5316537e-14,105.866974,False,80,50,15,0.8217947382570283,1239.59670934
0.23605661,1400.2377,False,80,50,15,0.8217947382570283,1239.59670934
0.49653584,634.8961,False,80,50,15,0.8217947382570283,1239.59670934
0.6251452,642.8183,False,80,50,15,0.8217947382570283,1239.59670934
1.3556394e-13,98.4805,False,80,50,15,0.8217947382570283,1239.59670934
7.2882774e-14,125.68667,False,80,50,15,0.8217947382570283,1239.59670934
0.25488183,594.4544,False,80,50,15,0.8217947382570283,1239.59670934
0.59921885,1719.8293,False,80,50,15,0.8217947382570283,1239.59670934
0.7322402,1684.9446,False,80,50,15,0.8217947382570283,1239.59670934
0.81497455,1145.0642,False,80,50,15,0.8217947382570283,1239.59670934
0.44202867,817.66046,False,80,50,15,0.8217947382570283,1239.59670934
1.6581433e-13,155.6651,False,80,50,15,0.8217947382570283,1239.59670934
4.2921125e-17,187.23451,False,80,50,15,0.8217947382570283,1239.59670934
4.61537e-15,1810.2284,False,80,50,15,0.8217947382570283,1239.59670934
0.0,676.393,False,80,50,15,0.8217947382570283,1239.59670934
2.2379764e-14,195.07182,False,80,50,15,0.8217947382570283,1239.59670934
3.834072e-14,91.689445,False,80,50,15,0.8217947382570283,1239.59670934
8.206656e-30,406.14658,False,80,50,15,0.8217947382570283,1239.59670934
0.21456274,508.2924,False,80,50,15,0.8217947382570283,1239.59670934
0.0,150.3325,False,80,50,15,0.8217947382570283,1239.59670934
2.8064299e-14,347.38385,False,80,50,15,0.8217947382570283,1239.59670934
0.0,230.9495,False,80,50,15,0.8217947382570283,1239.59670934
0.0,281.58292,False,80,50,15,0.8217947382570283,1239.59670934
0.0,194.67331,False,80,50,15,0.8217947382570283,1239.59670934
1.7343e-14,141.99664,False,80,50,15,0.8217947382570283,1239.59670934
0.5585585,820.1962,False,80,50,15,0.8217947382570283,1239.59670934
0.0,121.13697,False,80,50,15,0.8217947382570283,1239.59670934
0.0,341.21625,False,80,50,15,0.8217947382570283,1239.59670934
0.06730634,614.50195,False,80,50,15,0.8217947382570283,1239.59670934
0.0,208.35628,False,80,50,15,0.8217947382570283,1239.59670934
0.0,671.26575,False,80,50,15,0.8217947382570283,1239.59670934
0.0,404.4334,False,80,50,15,0.8217947382570283,1239.59670934
0.0,989.99945,False,80,50,15,0.8217947382570283,1239.59670934
6.0649067e-15,109.719315,False,80,50,15,0.8217947382570283,1239.59670934
0.0,274.37262,False,80,50,15,0.8217947382570283,1239.59670934
0.500001,884.7588,False,80,50,15,0.8217947382570283,1239.59670934
0.0,613.3272,False,80,50,15,0.8217947382570283,1239.59670934
0.0,225.40347,False,80,50,15,0.8217947382570283,1239.59670934
0.0,377.06616,False,80,50,15,0.8217947382570283,1239.59670934
0.70900947,1052.8094,False,80,50,15,0.8217947382570283,1239.59670934
0.35693157,967.1743,False,80,50,15,0.8217947382570283,1239.59670934
0.0,1165.4435,False,80,50,15,0.8217947382570283,1239.59670934
3.3678306e-13,121.29256,True,80,50,15,0.8217947382570283,1239.59670934
3.7139224e-29,952.7806,False,80,50,15,0.8217947382570283,1239.59670934
0.0,221.99448,False,80,50,15,0.8217947382570283,1239.59670934
0.0,251.13948,False,80,50,15,0.8217947382570283,1239.59670934
7.136272e-15,311.0588,False,80,50,15,0.8217947382570283,1239.59670934
0.0,7.764724,False,80,50,15,0.8217947382570283,1239.59670934
1.4551662e-15,7.764724,False,80,50,15,0.8217947382570283,1239.59670934
2.1854485e-14,494.74377,False,80,50,15,0.8217947382570283,1239.59670934
0.6601538,1292.8751,False,80,50,15,0.8217947382570283,1239.59670934
0.6850119,1653.7892,False,80,50,15,0.8217947382570283,1239.59670934
0.58493483,1480.4312,False,80,50,15,0.8217947382570283,1239.59670934
0.086299315,436.05582,False,80,50,15,0.8217947382570283,1239.59670934
0.21684344,329.14148,False,80,50,15,0.8217947382570283,1239.59670934
0.108767346,901.7833,False,80,50,15,0.8217947382570283,1239.59670934
0.640539,1142.3358,False,80,50,15,0.8217947382570283,1239.59670934
0.21695709,351.88168,False,80,50,15,0.8217947382570283,1239.59670934
0.17702955,237.19019,False,80,50,15,0.8217947382570283,1239.59670934
5.0935035e-14,417.50842,False,80,50,15,0.8217947382570283,1239.59670934
0.0,329.8161,False,80,50,15,0.8217947382570283,1239.59670934
0.0,251.68433,False,80,50,15,0.8217947382570283,1239.59670934
0.6839117,706.7143,False,80,50,15,0.8217947382570283,1239.59670934
0.0,7.764724,False,80,50,15,0.8217947382570283,1239.59670934
0.8010574,1329.8677,False,80,50,15,0.8217947382570283,1239.59670934
8.120045e-14,391.11304,False,80,50,15,0.8217947382570283,1239.59670934
0.0,175.77208,False,80,50,15,0.8217947382570283,1239.59670934
0.0,468.55798,False,80,50,15,0.8217947382570283,1239.59670934
0.0,508.14047,False,80,50,15,0.8217947382570283,1239.59670934
0.0,445.61862,False,80,50,15,0.8217947382570283,1239.59670934
0.0,295.81003,False,80,50,15,0.8217947382570283,1239.59670934
0.0,348.39124,False,80,50,15,0.8217947382570283,1239.59670934
0.0,115.49589,False,80,50,15,0.8217947382570283,1239.59670934
0.0,221.5303,False,80,50,15,0.8217947382570283,1239.59670934
2.5923784e-29,652.8816,False,80,50,15,0.8217947382570283,1239.59670934
0.0,139.21548,False,80,50,15,0.8217947382570283,1239.59670934
3.7788496e-16,7.764724,False,80,50,15,0.8217947382570283,1239.59670934
0.0,542.4271,False,80,50,15,0.8217947382570283,1239.59670934
0.6089371,642.1649,False,80,50,15,0.8217947382570283,1239.59670934
0.76175576,787.34357,False,80,50,15,0.8217947382570283,1239.59670934
0.0,394.53455,False,80,50,15,0.8217947382570283,1239.59670934
0.0,224.39201,False,80,50,15,0.8217947382570283,1239.59670934
0.30106968,267.19214,False,80,50,15,0.8217947382570283,1239.59670934
0.47445405,859.54474,False,80,50,15,0.8217947382570283,1239.59670934
2.8647321e-15,225.21677,False,80,50,15,0.8217947382570283,1239.59670934
0.0,463.2962,False,80,50,15,0.8217947382570283,1239.59670934
0.48896086,919.04425,False,80,50,15,0.8217947382570283,1239.59670934
0.2979229,319.72824,False,80,50,15,0.8217947382570283,1239.59670934
1.2022763e-13,114.39523,False,80,50,15,0.8217947382570283,1239.59670934
0.0,483.92654,False,80,50,15,0.8217947382570283,1239.59670934
1.712173e-29,195.495,False,80,50,15,0.8217947382570283,1239.59670934
1.9865781e-17,538.14777,False,80,50,15,0.8217947382570283,1239.59670934
0.0,480.0988,False,80,50,15,0.8217947382570283,1239.59670934
0.0,110.51754,False,80,50,15,0.8217947382570283,1239.59670934
0.0,391.0966,False,80,50,15,0.8217947382570283,1239.59670934
0.20095132,678.6529,False,80,50,15,0.8217947382570283,1239.59670934
5.8225406e-29,636.84125,False,80,50,15,0.8217947382570283,1239.59670934
2.0531162e-14,266.08163,False,80,50,15,0.8217947382570283,1239.59670934
0.0,458.2169,False,80,50,15,0.8217947382570283,1239.59670934
0.44462186,560.71594,False,80,50,15,0.8217947382570283,1239.59670934
0.0,312.1265,False,80,50,15,0.8217947382570283,1239.59670934
7.9020525e-15,314.26782,False,80,50,15,0.8217947382570283,1239.59670934
2.1144755e-17,313.49588,False,80,50,15,0.8217947382570283,1239.59670934
0.0,336.35757,False,80,50,15,0.8217947382570283,1239.59670934
0.0,373.51553,False,80,50,15,0.8217947382570283,1239.59670934
0.0,220.7452,False,80,50,15,0.8217947382570283,1239.59670934
0.0,88.21645,False,80,50,15,0.8217947382570283,1239.59670934
0.0,137.80609,False,80,50,15,0.8217947382570283,1239.59670934
0.13363042,372.45938,False,80,50,15,0.8217947382570283,1239.59670934
0.0,500.29614,False,80,50,15,0.8217947382570283,1239.59670934
2.9637468e-16,208.47998,False,80,50,15,0.8217947382570283,1239.59670934
0.42561847,570.2353,False,80,50,15,0.8217947382570283,1239.59670934
0.0,216.1416,False,80,50,15,0.8217947382570283,1239.59670934
1.5842804e-15,530.68115,False,80,50,15,0.8217947382570283,1239.59670934
0.12507479,568.8216,False,80,50,15,0.8217947382570283,1239.59670934
3.532161e-16,298.54523,False,80,50,15,0.8217947382570283,1239.59670934
0.14739656,308.90674,False,80,50,15,0.8217947382570283,1239.59670934
0.20886764,675.4928,False,80,50,15,0.8217947382570283,1239.59670934
4.5814496e-15,583.9172,False,80,50,15,0.8217947382570283,1239.59670934
0.6344179,677.84985,False,80,50,15,0.8217947382570283,1239.59670934
0.685005,718.7295,False,80,50,15,0.8217947382570283,1239.59670934
0.592178,652.3088,False,80,50,15,0.8217947382570283,1239.59670934
0.44194964,443.71252,False,80,50,15,0.8217947382570283,1239.59670934
0.0,355.25314,False,80,50,15,0.8217947382570283,1239.59670934
0.68703383,736.24994,False,80,50,15,0.8217947382570283,1239.59670934
0.0,444.20062,False,80,50,15,0.8217947382570283,1239.59670934
0.0,606.5914,False,80,50,15,0.8217947382570283,1239.59670934
4.0057166e-15,78.092094,False,80,50,15,0.8217947382570283,1239.59670934
2.3244294e-13,249.8419,False,80,50,15,0.8217947382570283,1239.59670934
0.0,316.69647,False,80,50,15,0.8217947382570283,1239.59670934
3.645869e-14,377.00772,False,80,50,15,0.8217947382570283,1239.59670934
0.0,508.87405,False,80,50,15,0.8217947382570283,1239.59670934
0.7265948,760.94604,False,80,50,15,0.8217947382570283,1239.59670934
0.0,269.53757,False,80,50,15,0.8217947382570283,1239.59670934
0.0,79.31107,False,80,50,15,0.8217947382570283,1239.59670934
0.0,58.442837,False,80,50,15,0.8217947382570283,1239.59670934
0.0,758.8165,False,80,50,15,0.8217947382570283,1239.59670934
0.0,306.65646,False,80,50,15,0.8217947382570283,1239.59670934
0.11153845,406.3926,False,80,50,15,0.8217947382570283,1239.59670934
0.0,1247.8312,False,80,50,15,0.8217947382570283,1239.59670934
2.1756124e-14,419.19635,False,80,50,15,0.8217947382570283,1239.59670934
0.0,203.54166,False,80,50,15,0.8217947382570283,1239.59670934
0.0,54.01429,False,80,50,15,0.8217947382570283,1239.59670934
1.2343229e-15,226.78992,False,80,50,15,0.8217947382570283,1239.59670934
0.0,153.34918,False,80,50,15,0.8217947382570283,1239.59670934
7.745881e-15,192.98097,False,80,50,15,0.8217947382570283,1239.59670934
5.9688167e-16,713.47723,False,80,50,15,0.8217947382570283,1239.59670934
0.6475262,577.515,False,80,50,15,0.8217947382570283,1239.59670934
4.944243e-15,370.2842,False,80,50,15,0.8217947382570283,1239.59670934
0.0,148.36172,False,80,50,15,0.8217947382570283,1239.59670934
0.0,225.76335,False,80,50,15,0.8217947382570283,1239.59670934
0.01811923,613.2707,False,80,50,15,0.8217947382570283,1239.59670934
0.22871128,798.73,False,80,50,15,0.8217947382570283,1239.59670934
0.22476429,550.84644,False,80,50,15,0.8217947382570283,1239.59670934
0.0,341.22372,False,80,50,15,0.8217947382570283,1239.59670934
0.37229773,778.42,False,80,50,15,0.8217947382570283,1239.59670934
0.4744883,543.3907,False,80,50,15,0.8217947382570283,1239.59670934
0.3077081,777.34705,False,80,50,15,0.8217947382570283,1239.59670934
0.17124453,726.3559,False,80,50,15,0.8217947382570283,1239.59670934
0.0,11.158243,False,80,50,15,0.8217947382570283,1239.59670934
0.15159006,501.16653,False,80,50,15,0.8217947382570283,1239.59670934
0.44727662,331.13483,False,80,50,15,0.8217947382570283,1239.59670934
0.21397223,570.63574,False,80,50,15,0.8217947382570283,1239.59670934
0.24371685,406.90228,False,80,50,15,0.8217947382570283,1239.59670934
0.0,330.4313,False,80,50,15,0.8217947382570283,1239.59670934
2.588801e-29,113.20857,False,80,50,15,0.8217947382570283,1239.59670934
1.4004399e-14,195.56363,False,80,50,15,0.8217947382570283,1239.59670934
0.18114257,557.2226,False,80,50,15,0.8217947382570283,1239.59670934
7.519303e-14,46.437874,False,80,50,15,0.8217947382570283,1239.59670934
0.65665925,720.27386,False,80,50,15,0.8217947382570283,1239.59670934
0.0,152.50098,False,80,50,15,0.8217947382570283,1239.59670934
0.61117566,572.5536,False,80,50,15,0.8217947382570283,1239.59670934
0.0,57.30421,False,80,50,15,0.8217947382570283,1239.59670934
0.032425765,352.63702,False,80,50,15,0.8217947382570283,1239.59670934
0.23697762,261.45248,False,80,50,15,0.8217947382570283,1239.59670934
0.19236884,786.1173,False,80,50,15,0.8217947382570283,1239.59670934
0.0,142.65265,False,80,50,15,0.8217947382570283,1239.59670934
0.27257866,693.17993,False,80,50,15,0.8217947382570283,1239.59670934
1.4371899e-30,487.8505,False,80,50,15,0.8217947382570283,1239.59670934
0.81750304,1037.7977,False,80,50,15,0.8217947382570283,1239.59670934
6.2098886e-14,104.32801,False,80,50,15,0.8217947382570283,1239.59670934
0.82179475,1111.778,False,80,50,15,0.8217947382570283,1239.59670934
2.609143e-13,281.0631,False,80,50,15,0.8217947382570283,1239.59670934
0.0,216.9433,False,80,50,15,0.8217947382570283,1239.59670934
0.0,537.04144,False,80,50,15,0.8217947382570283,1239.59670934
0.0,621.54474,False,80,50,15,0.8217947382570283,1239.59670934
0.0,1034.6108,False,80,50,15,0.8217947382570283,1239.59670934
0.51776606,381.29428,False,80,50,15,0.8217947382570283,1239.59670934
1.497336e-14,353.14758,False,80,50,15,0.8217947382570283,1239.59670934
0.0,416.79312,False,80,50,15,0.8217947382570283,1239.59670934
0.0,82.23052,False,80,50,15,0.8217947382570283,1239.59670934
1.7516377e-13,181.74792,False,80,50,15,0.8217947382570283,1239.59670934
2.2050753e-13,362.9733,False,80,50,15,0.8217947382570283,1239.59670934
0.0,552.11304,False,80,50,15,0.8217947382570283,1239.59670934
3.442885e-14,377.25266,False,80,50,15,0.8217947382570283,1239.59670934
0.0,205.16014,False,80,50,15,0.8217947382570283,1239.59670934
0.0,133.75476,False,80,50,15,0.8217947382570283,1239.59670934
0.0,581.7242,False,80,50,15,0.8217947382570283,1239.59670934
0.0,397.57596,False,80,50,15,0.8217947382570283,1239.59670934
0.0,32.933342,False,80,50,15,0.8217947382570283,1239.59670934
6.89652e-30,700.28156,False,80,50,15,0.8217947382570283,1239.59670934
0.2974571,247.86716,False,80,50,15,0.8217947382570283,1239.59670934
0.028973073,420.79688,False,80,50,15,0.8217947382570283,1239.59670934
0.0,350.17813,False,80,50,15,0.8217947382570283,1239.59670934
0.0,304.52353,False,80,50,15,0.8217947382570283,1239.59670934
7.2199454e-17,973.2404,False,80,50,15,0.8217947382570283,1239.59670934
2.0021443e-14,543.14154,False,80,50,15,0.8217947382570283,1239.59670934
0.19297208,386.09143,False,80,50,15,0.8217947382570283,1239.59670934
0.6227696,729.2943,False,80,50,15,0.8217947382570283,1239.59670934
0.6777994,807.5982,False,80,50,15,0.8217947382570283,1239.59670934
0.0,333.77197,False,80,50,15,0.8217947382570283,1239.59670934
2.3051727e-14,570.595,False,80,50,15,0.8217947382570283,1239.59670934
1.7790673e-14,278.10345,False,80,50,15,0.8217947382570283,1239.59670934
2.480541e-14,407.09518,False,80,50,15,0.8217947382570283,1239.59670934
0.0,637.3659,False,80,50,15,0.8217947382570283,1239.59670934
2.6559096e-14,233.40982,False,80,50,15,0.8217947382570283,1239.59670934
0.0,180.75368,False,80,50,15,0.8217947382570283,1239.59670934
1.5547695e-14,512.51324,False,80,50,15,0.8217947382570283,1239.59670934
0.55893636,694.1275,False,80,50,15,0.8217947382570283,1239.59670934
0.6961733,829.6309,False,80,50,15,0.8217947382570283,1239.59670934
1.7417612e-13,178.07596,False,80,50,15,0.8217947382570283,1239.59670934
0.6105259,697.01587,False,80,50,15,0.8217947382570283,1239.59670934
0.6863688,738.8254,False,80,50,15,0.8217947382570283,1239.59670934
4.658455e-13,544.45654,False,80,50,15,0.8217947382570283,1239.59670934
7.639656e-15,28.568218,False,80,50,15,0.8217947382570283,1239.59670934
8.004696e-17,333.55212,False,80,50,15,0.8217947382570283,1239.59670934
8.004696e-17,249.46278,False,80,50,15,0.8217947382570283,1239.59670934
1.4311895e-15,86.26089,False,80,50,15,0.8217947382570283,1239.59670934
0.07674444,467.45984,False,80,50,15,0.8217947382570283,1239.59670934
0.19173288,342.86395,False,80,50,15,0.8217947382570283,1239.59670934
0.0,430.60245,False,80,50,15,0.8217947382570283,1239.59670934
0.060300916,444.6295,False,80,50,15,0.8217947382570283,1239.59670934
0.25424778,825.41473,False,80,50,15,0.8217947382570283,1239.59670934
0.6896568,546.66797,False,80,50,15,0.8217947382570283,1239.59670934
0.12297629,383.46432,False,80,50,15,0.8217947382570283,1239.59670934
0.12867217,674.4339,False,80,50,15,0.8217947382570283,1239.59670934
0.10501166,719.193,False,80,50,15,0.8217947382570283,1239.59670934
0.50702393,872.3118,False,80,50,15,0.8217947382570283,1239.59670934
0.0,137.18204,False,80,50,15,0.8217947382570283,1239.59670934
0.0,314.94586,False,80,50,15,0.8217947382570283,1239.59670934
0.0,198.63124,False,80,50,15,0.8217947382570283,1239.59670934
0.0,462.31384,False,80,50,15,0.8217947382570283,1239.59670934
0.6253199,458.18527,False,80,50,15,0.8217947382570283,1239.59670934
0.0,433.44464,False,80,50,15,0.8217947382570283,1239.59670934
0.2823674,637.35376,False,80,50,15,0.8217947382570283,1239.59670934
0.43445674,696.7926,False,80,50,15,0.8217947382570283,1239.59670934
0.24538566,364.43723,False,80,50,15,0.8217947382570283,1239.59670934
0.0,227.7175,False,80,50,15,0.8217947382570283,1239.59670934
0.74577683,743.7988,False,80,50,15,0.8217947382570283,1239.59670934
0.57840544,581.7999,False,80,50,15,0.8217947382570283,1239.59670934
3.7315044e-16,544.41046,False,80,50,15,0.8217947382570283,1239.59670934
0.52956784,429.97363,False,80,50,15,0.8217947382570283,1239.59670934
0.3693127,655.6471,False,80,50,15,0.8217947382570283,1239.59670934
0.0,138.58043,False,80,50,15,0.8217947382570283,1239.59670934
0.6516367,634.45123,False,80,50,15,0.8217947382570283,1239.59670934
0.7418034,790.2761,False,80,50,15,0.8217947382570283,1239.59670934
0.60808873,530.54175,False,80,50,15,0.8217947382570283,1239.59670934
0.5870814,487.6884,False,80,50,15,0.8217947382570283,1239.59670934
0.6959725,706.353,False,80,50,15,0.8217947382570283,1239.59670934
0.7301967,847.27356,False,80,50,15,0.8217947382570283,1239.59670934
4.170842e-16,275.85883,False,80,50,15,0.8217947382570283,1239.59670934
0.7057599,686.21375,False,80,50,15,0.8217947382570283,1239.59670934
0.43530616,586.1895,False,80,50,15,0.8217947382570283,1239.59670934
0.0,215.27846,False,80,50,15,0.8217947382570283,1239.59670934
0.0,322.4602,False,80,50,15,0.8217947382570283,1239.59670934
0.51258117,381.4225,False,80,50,15,0.8217947382570283,1239.59670934
3.7848326e-30,205.45451,False,80,50,15,0.8217947382570283,1239.59670934
0.74142456,784.7403,False,80,50,15,0.8217947382570283,1239.59670934
0.5655759,468.60434,False,80,50,15,0.8217947382570283,1239.59670934
1.3533153e-30,354.84262,False,80,50,15,0.8217947382570283,1239.59670934
0.0,255.25195,False,80,50,15,0.8217947382570283,1239.59670934
0.6170809,582.8034,False,80,50,15,0.8217947382570283,1239.59670934
3.5424394e-15,314.40964,False,80,50,15,0.8217947382570283,1239.59670934
0.60295326,507.51016,False,80,50,15,0.8217947382570283,1239.59670934
0.0,321.0623,False,80,50,15,0.8217947382570283,1239.59670934
0.6598835,765.0759,False,80,50,15,0.8217947382570283,1239.59670934
0.64013594,677.069,False,80,50,15,0.8217947382570283,1239.59670934
0.0,7.764724,False,80,50,15,0.8217947382570283,1239.59670934
0.41550806,890.68,False,80,50,15,0.8217947382570283,1239.59670934
0.73361677,656.6411,False,80,50,15,0.8217947382570283,1239.59670934
0.67622143,800.73083,False,80,50,15,0.8217947382570283,1239.59670934
1.2617885e-16,425.00476,False,80,50,15,0.8217947382570283,1239.59670934
0.0,462.46664,False,80,50,15,0.8217947382570283,1239.59670934
0.0,293.03586,False,80,50,15,0.8217947382570283,1239.59670934
0.0,341.55573,False,80,50,15,0.8217947382570283,1239.59670934
0.0,85.297775,False,80,50,15,0.8217947382570283,1239.59670934
0.0,209.98038,False,80,50,15,0.8217947382570283,1239.59670934
0.027137546,319.5177,False,80,50,15,0.8217947382570283,1239.59670934
0.0,388.94077,False,80,50,15,0.8217947382570283,1239.59670934
0.0,562.6454,False,80,50,15,0.8217947382570283,1239.59670934
0.15570761,405.1459,False,80,50,15,0.8217947382570283,1239.59670934
0.5577531,424.79065,False,80,50,15,0.8217947382570283,1239.59670934
0.4802353,440.27145,False,80,50,15,0.8217947382570283,1239.59670934
0.09021492,540.4952,False,80,50,15,0.8217947382570283,1239.59670934
0.056197375,456.7101,False,80,50,15,0.8217947382570283,1239.59670934
0.23514491,530.3234,False,80,50,15,0.8217947382570283,1239.59670934
0.3625159,519.7807,False,80,50,15,0.8217947382570283,1239.59670934
0.15496469,380.40952,False,80,50,15,0.8217947382570283,1239.59670934
0.014064597,539.83966,False,80,50,15,0.8217947382570283,1239.59670934
0.0,582.1128,False,80,50,15,0.8217947382570283,1239.59670934
0.0,388.81662,False,80,50,15,0.8217947382570283,1239.59670934
0.0,260.0793,False,80,50,15,0.8217947382570283,1239.59670934
1.41857e-15,932.0364,False,80,50,15,0.8217947382570283,1239.59670934
0.5428632,674.0359,False,80,50,15,0.8217947382570283,1239.59670934
0.0,503.65756,False,80,50,15,0.8217947382570283,1239.59670934
0.0,482.31393,False,80,50,15,0.8217947382570283,1239.59670934
0.066377886,509.1765,False,80,50,15,0.8217947382570283,1239.59670934
0.27542886,595.0775,False,80,50,15,0.8217947382570283,1239.59670934
6.7633516e-16,99.32547,False,80,50,15,0.8217947382570283,1239.59670934
1.6307768e-15,326.61646,False,80,50,15,0.8217947382570283,1239.59670934
0.12858427,697.9866,False,80,50,15,0.8217947382570283,1239.59670934
0.0,294.20828,False,80,50,15,0.8217947382570283,1239.59670934
0.0,341.26843,False,80,50,15,0.8217947382570283,1239.59670934
2.6090542e-16,882.73895,False,80,50,15,0.8217947382570283,1239.59670934
0.0,503.2169,False,80,50,15,0.8217947382570283,1239.59670934
0.0,335.51114,False,80,50,15,0.8217947382570283,1239.59670934
7.1693266e-16,26.80253,False,80,50,15,0.8217947382570283,1239.59670934
0.23865776,367.07748,False,80,50,15,0.8217947382570283,1239.59670934
0.0,326.64755,False,80,50,15,0.8217947382570283,1239.59670934
0.07689567,331.02902,False,80,50,15,0.8217947382570283,1239.59670934
0.7286396,718.9355,False,80,50,15,0.8217947382570283,1239.59670934
9.506765e-18,260.68423,False,80,50,15,0.8217947382570283,1239.59670934
0.7658485,638.6025,False,80,50,15,0.8217947382570283,1239.59670934
0.0,430.26627,False,80,50,15,0.8217947382570283,1239.59670934
0.60854334,792.1376,False,80,50,15,0.8217947382570283,1239.59670934
9.141676e-16,561.8735,False,80,50,15,0.8217947382570283,1239.59670934
0.42593247,369.7127,False,80,50,15,0.8217947382570283,1239.59670934
0.004617763,564.17816,False,80,50,15,0.8217947382570283,1239.59670934
0.42874604,487.98584,False,80,50,15,0.8217947382570283,1239.59670934
7.793877e-15,26.384666,False,80,50,15,0.8217947382570283,1239.59670934
0.424216,450.61868,False,80,50,15,0.8217947382570283,1239.59670934
0.68614435,748.2371,False,80,50,15,0.8217947382570283,1239.59670934
0.5688453,493.28546,False,80,50,15,0.8217947382570283,1239.59670934
9.3633116e-14,311.08655,False,80,50,15,0.8217947382570283,1239.59670934
0.0,413.91522,False,80,50,15,0.8217947382570283,1239.59670934
0.639139,607.45685,False,80,50,15,0.8217947382570283,1239.59670934
1.3406619e-15,450.53336,False,80,50,15,0.8217947382570283,1239.59670934
0.0,366.05487,False,80,50,15,0.8217947382570283,1239.59670934
0.0,554.70966,False,80,50,15,0.8217947382570283,1239.59670934
0.05628044,239.08508,False,80,50,15,0.8217947382570283,1239.59670934
0.2981304,450.71906,False,80,50,15,0.8217947382570283,1239.59670934
4.813126e-16,283.8926,False,80,50,15,0.8217947382570283,1239.59670934
0.0,437.5842,False,80,50,15,0.8217947382570283,1239.59670934
0.0,472.42023,False,80,50,15,0.8217947382570283,1239.59670934
0.0,7.764724,False,80,50,15,0.8217947382570283,1239.59670934
0.7553789,928.7418,False,80,50,15,0.8217947382570283,1239.59670934
0.036567528,291.2373,False,80,50,15,0.8217947382570283,1239.59670934
0.6428815,558.0629,False,80,50,15,0.8217947382570283,1239.59670934
0.7144473,724.3032,False,80,50,15,0.8217947382570283,1239.59670934
8.733097e-16,515.06464,False,80,50,15,0.8217947382570283,1239.59670934
0.72943395,675.85474,False,80,50,15,0.8217947382570283,1239.59670934
0.024012227,366.17004,False,80,50,15,0.8217947382570283,1239.59670934
0.6813124,605.01587,False,80,50,15,0.8217947382570283,1239.59670934
0.0,473.5403,False,80,50,15,0.8217947382570283,1239.59670934
0.5346187,866.5684,False,80,50,15,0.8217947382570283,1239.59670934
0.68322605,642.9333,False,80,50,15,0.8217947382570283,1239.59670934
0.69472116,742.0567,False,80,50,15,0.8217947382570283,1239.59670934
0.0,303.39023,False,80,50,15,0.8217947382570283,1239.59670934
0.37555978,884.50964,False,80,50,15,0.8217947382570283,1239.59670934
4.2510763e-15,77.76611,False,80,50,15,0.8217947382570283,1239.59670934
0.7604607,908.2841,False,80,50,15,0.8217947382570283,1239.59670934
0.82179475,1518.6855,False,80,50,15,0.8217947382570283,1239.59670934
0.02073438,348.73383,False,80,50,15,0.8217947382570283,1239.59670934
0.7197909,692.4075,False,80,50,15,0.8217947382570283,1239.59670934
1.7087455e-16,189.74046,False,80,50,15,0.8217947382570283,1239.59670934
0.31957686,277.16666,False,80,50,15,0.8217947382570283,1239.59670934
0.52502155,420.6596,False,80,50,15,0.8217947382570283,1239.59670934
0.7310971,746.6914,False,80,50,15,0.8217947382570283,1239.59670934
0.0,135.3064,False,80,50,15,0.8217947382570283,1239.59670934
0.0,661.84753,False,80,50,15,0.8217947382570283,1239.59670934
0.74109805,719.17535,False,80,50,15,0.8217947382570283,1239.59670934
0.0,662.55286,False,80,50,15,0.8217947382570283,1239.59670934
0.0,497.807,False,80,50,15,0.8217947382570283,1239.59670934
0.7429683,800.2811,False,80,50,15,0.8217947382570283,1239.59670934
8.878648e-14,295.26712,False,80,50,15,0.8217947382570283,1239.59670934
0.0,275.77408,False,80,50,15,0.8217947382570283,1239.59670934
0.0,402.24664,False,80,50,15,0.8217947382570283,1239.59670934
5.424763e-31,260.1084,False,80,50,15,0.8217947382570283,1239.59670934
7.563607e-15,535.1832,False,80,50,15,0.8217947382570283,1239.59670934
0.024407662,552.1886,False,80,50,15,0.8217947382570283,1239.59670934
0.0,364.99304,False,80,50,15,0.8217947382570283,1239.59670934
0.0,424.30167,False,80,50,15,0.8217947382570283,1239.59670934
0.7209233,913.65356,False,80,50,15,0.8217947382570283,1239.59670934
0.7276465,1023.887,False,80,50,15,0.8217947382570283,1239.59670934
0.69437206,694.781,False,80,50,15,0.8217947382570283,1239.59670934
1.7996731e-14,611.72076,False,80,50,15,0.8217947382570283,1239.59670934
0.6976306,777.3379,False,80,50,15,0.8217947382570283,1239.59670934
0.7129823,823.0059,False,80,50,15,0.8217947382570283,1239.59670934
0.0,235.46568,False,80,50,15,0.8217947382570283,1239.59670934
0.6466484,652.69904,False,80,50,15,0.8217947382570283,1239.59670934
0.5035337,434.9083,False,80,50,15,0.8217947382570283,1239.59670934
0.7028396,800.2088,False,80,50,15,0.8217947382570283,1239.59670934
0.4179914,315.01782,False,80,50,15,0.8217947382570283,1239.59670934
0.55416656,501.78128,False,80,50,15,0.8217947382570283,1239.59670934
0.71404415,771.9684,False,80,50,15,0.8217947382570283,1239.59670934
0.70469964,815.3411,False,80,50,15,0.8217947382570283,1239.59670934
0.5356528,473.30807,False,80,50,15,0.8217947382570283,1239.59670934
8.268021e-17,319.34433,False,80,50,15,0.8217947382570283,1239.59670934
0.63933295,623.7671,False,80,50,15,0.8217947382570283,1239.59670934
0.6814854,726.34314,False,80,50,15,0.8217947382570283,1239.59670934
0.7109529,832.00415,False,80,50,15,0.8217947382570283,1239.59670934
0.74123645,947.5339,False,80,50,15,0.8217947382570283,1239.59670934
0.7247205,871.4449,False,80,50,15,0.8217947382570283,1239.59670934
0.45685923,358.73236,False,80,50,15,0.8217947382570283,1239.59670934
0.75775445,730.63586,False,80,50,15,0.8217947382570283,1239.59670934
0.78450096,1512.6176,False,80,50,15,0.8217947382570283,1239.59670934
0.53702915,316.72757,False,80,50,15,0.8217947382570283,1239.59670934
0.0,247.45667,False,80,50,15,0.8217947382570283,1239.59670934
0.6173208,359.55234,False,80,50,15,0.8217947382570283,1239.59670934
0.0,13.837473,False,80,50,15,0.8217947382570283,1239.59670934
0.082370676,197.27554,False,80,50,15,0.8217947382570283,1239.59670934
0.6500572,420.45035,False,80,50,15,0.8217947382570283,1239.59670934
3.34753e-16,85.36418,False,80,50,15,0.8217947382570283,1239.59670934
0.0,179.0786,False,80,50,15,0.8217947382570283,1239.59670934
0.0,153.82825,False,80,50,15,0.8217947382570283,1239.59670934
0.69366294,493.73492,False,80,50,15,0.8217947382570283,1239.59670934
0.0,339.3852,False,80,50,15,0.8217947382570283,1239.59670934
0.55331457,518.7931,False,80,50,15,0.8217947382570283,1239.59670934
0.7625314,756.69836,False,80,50,15,0.8217947382570283,1239.59670934
0.64060664,398.5991,False,80,50,15,0.8217947382570283,1239.59670934
6.772612e-17,320.0536,False,80,50,15,0.8217947382570283,1239.59670934
0.79587,862.25824,False,80,50,15,0.8217947382570283,1239.59670934
2.0655108e-15,341.8815,False,80,50,15,0.8217947382570283,1239.59670934
0.73395133,566.39087,False,80,50,15,0.8217947382570283,1239.59670934
0.8081088,720.4698,False,80,50,15,0.8217947382570283,1239.59670934
0.6876555,465.35233,False,80,50,15,0.8217947382570283,1239.59670934
0.78545576,614.4462,False,80,50,15,0.8217947382570283,1239.59670934
0.82179475,738.328,False,80,50,15,0.8217947382570283,1239.59670934
0.7223583,430.49866,False,80,50,15,0.8217947382570283,1239.59670934
0.30281428,509.22955,False,80,50,15,0.8217947382570283,1239.59670934
0.80699754,562.81915,False,80,50,15,0.8217947382570283,1239.59670934
0.0,279.1658,False,80,50,15,0.8217947382570283,1239.59670934
0.0,508.9318,False,80,50,15,0.8217947382570283,1239.59670934
0.17880148,601.55396,False,80,50,15,0.8217947382570283,1239.59670934
1.025111e-15,7.764724,False,80,50,15,0.8217947382570283,1239.59670934
0.6753715,527.0251,False,80,50,15,0.8217947382570283,1239.59670934
0.6914982,549.8823,False,80,50,15,0.8217947382570283,1239.59670934
0.6331525,445.76245,False,80,50,15,0.8217947382570283,1239.59670934
0.61456466,417.93076,False,80,50,15,0.8217947382570283,1239.59670934
0.33844027,391.8516,False,80,50,15,0.8217947382570283,1239.59670934
0.58966273,369.04962,False,80,50,15,0.8217947382570283,1239.59670934
0.51426613,276.9875,False,80,50,15,0.8217947382570283,1239.59670934
0.6937882,583.4509,False,80,50,15,0.8217947382570283,1239.59670934
0.55943245,336.9491,False,80,50,15,0.8217947382570283,1239.59670934
0.64921606,480.39655,False,80,50,15,0.8217947382570283,1239.59670934
0.5769555,348.4529,False,80,50,15,0.8217947382570283,1239.59670934
4.4454407e-16,220.31294,False,80,50,15,0.8217947382570283,1239.59670934
0.6407905,497.809,False,80,50,15,0.8217947382570283,1239.59670934
0.5939512,410.1005,False,80,50,15,0.8217947382570283,1239.59670934
2.480628e-16,206.8428,False,80,50,15,0.8217947382570283,1239.59670934
0.6893341,512.0195,False,80,50,15,0.8217947382570283,1239.59670934
0.7270313,579.61426,False,80,50,15,0.8217947382570283,1239.59670934
0.7467307,624.3613,False,80,50,15,0.8217947382570283,1239.59670934
0.61768776,377.49835,False,80,50,15,0.8217947382570283,1239.59670934
2.0329748e-16,17.56901,False,80,50,15,0.8217947382570283,1239.59670934
0.68070126,484.59113,False,80,50,15,0.8217947382570283,1239.59670934
0.6307872,364.93472,False,80,50,15,0.8217947382570283,1239.59670934
6.658768e-16,258.52725,False,80,50,15,0.8217947382570283,1239.59670934
0.69270575,477.5046,False,80,50,15,0.8217947382570283,1239.59670934
0.0,346.93362,False,80,50,15,0.8217947382570283,1239.59670934
0.41889983,791.51886,False,80,50,15,0.8217947382570283,1239.59670934
5.2630657e-16,222.65451,False,80,50,15,0.8217947382570283,1239.59670934
0.0,140.85828,False,80,50,15,0.8217947382570283,1239.59670934
0.0,358.98727,False,80,50,15,0.8217947382570283,1239.59670934
0.7229516,714.8202,False,80,50,15,0.8217947382570283,1239.59670934
3.6551153e-16,262.58795,False,80,50,15,0.8217947382570283,1239.59670934
0.0,79.8321,False,80,50,15,0.8217947382570283,1239.59670934
0.0,198.37523,False,80,50,15,0.8217947382570283,1239.59670934
0.0,200.73491,False,80,50,15,0.8217947382570283,1239.59670934
0.69037044,527.51825,False,80,50,15,0.8217947382570283,1239.59670934
0.0,127.61731,False,80,50,15,0.8217947382570283,1239.59670934
5.7135794e-15,323.7829,False,80,50,15,0.8217947382570283,1239.59670934
0.0,243.02293,False,80,50,15,0.8217947382570283,1239.59670934
0.62709874,399.42557,False,80,50,15,0.8217947382570283,1239.59670934
0.67280036,494.48904,False,80,50,15,0.8217947382570283,1239.59670934
3.657269e-14,104.67997,False,80,50,15,0.8217947382570283,1239.59670934
3.8775292e-15,237.00833,False,80,50,15,0.8217947382570283,1239.59670934
0.7921213,1521.1921,False,80,50,15,0.8217947382570283,1239.59670934
0.48108304,315.6463,False,80,50,15,0.8217947382570283,1239.59670934
0.6818897,465.3623,False,80,50,15,0.8217947382570283,1239.59670934
0.7243545,448.88367,False,80,50,15,0.8217947382570283,1239.59670934
0.6687769,404.58557,False,80,50,15,0.8217947382570283,1239.59670934
2.4789047e-13,9.139632,True,80,50,15,0.8217947382570283,1239.59670934
0.703595,483.9884,False,80,50,15,0.8217947382570283,1239.59670934
0.07099275,427.28735,False,80,50,15,0.8217947382570283,1239.59670934
0.56612104,621.4881,False,80,50,15,0.8217947382570283,1239.59670934
0.5527592,295.53326,False,80,50,15,0.8217947382570283,1239.59670934
0.73324186,537.811,False,80,50,15,0.8217947382570283,1239.59670934
0.40022245,655.6008,False,80,50,15,0.8217947382570283,1239.59670934
2.7483368e-30,191.25314,False,80,50,15,0.8217947382570283,1239.59670934
0.75004864,575.3545,False,80,50,15,0.8217947382570283,1239.59670934
0.6191299,355.67624,False,80,50,15,0.8217947382570283,1239.59670934
0.15085623,275.22583,False,80,50,15,0.8217947382570283,1239.59670934
0.6448529,380.5173,False,80,50,15,0.8217947382570283,1239.59670934
0.6307407,310.07654,False,80,50,15,0.8217947382570283,1239.59670934
0.67163205,410.1336,False,80,50,15,0.8217947382570283,1239.59670934
2.5004698e-15,89.321075,False,80,50,15,0.8217947382570283,1239.59670934
0.7075539,397.56683,False,80,50,15,0.8217947382570283,1239.59670934
0.7032753,362.5873,False,80,50,15,0.8217947382570283,1239.59670934
0.6614351,336.8924,False,80,50,15,0.8217947382570283,1239.59670934
0.6860448,377.71573,False,80,50,15,0.8217947382570283,1239.59670934
0.6763878,448.54276,False,80,50,15,0.8217947382570283,1239.59670934
0.7354456,562.8131,False,80,50,15,0.8217947382570283,1239.59670934
0.71595114,494.7517,False,80,50,15,0.8217947382570283,1239.59670934
0.6507908,352.79657,False,80,50,15,0.8217947382570283,1239.59670934
0.7846937,681.73114,False,80,50,15,0.8217947382570283,1239.59670934
0.73090655,575.2345,False,80,50,15,0.8217947382570283,1239.59670934
0.68542844,481.96045,False,80,50,15,0.8217947382570283,1239.59670934
0.624525,364.49585,False,80,50,15,0.8217947382570283,1239.59670934
0.7680497,506.49,False,80,50,15,0.8217947382570283,1239.59670934
0.7441329,369.38586,False,80,50,15,0.8217947382570283,1239.59670934
0.56043154,751.5852,False,80,50,15,0.8217947382570283,1239.59670934
0.72952145,395.94553,False,80,50,15,0.8217947382570283,1239.59670934
4.6643807e-16,255.88768,False,80,50,15,0.8217947382570283,1239.59670934
0.0,197.83374,False,80,50,15,0.8217947382570283,1239.59670934
0.0,347.96533,False,80,50,15,0.8217947382570283,1239.59670934
0.0,180.17839,False,80,50,15,0.8217947382570283,1239.59670934
0.0,20.203093,False,80,50,15,0.8217947382570283,1239.59670934
0.4312772,351.995,False,80,50,15,0.8217947382570283,1239.59670934
0.7930583,1433.7194,False,80,50,15,0.8217947382570283,1239.59670934
0.0,310.269,False,80,50,15,0.8217947382570283,1239.59670934
0.77139753,581.9066,False,80,50,15,0.8217947382570283,1239.59670934
0.08187624,266.23972,False,80,50,15,0.8217947382570283,1239.59670934
0.798164,1609.8286,False,80,50,15,0.8217947382570283,1239.59670934
0.7175065,784.97,False,80,50,15,0.8217947382570283,1239.59670934
6.094543e-14,7.764724,True,80,50,15,0.8217947382570283,1239.59670934
0.6572613,367.46014,False,80,50,15,0.8217947382570283,1239.59670934
0.76458764,914.71063,False,80,50,15,0.8217947382570283,1239.59670934
1.0965345e-15,152.3941,False,80,50,15,0.8217947382570283,1239.59670934
0.70746154,574.4551,False,80,50,15,0.8217947382570283,1239.59670934
0.7366782,868.616,False,80,50,15,0.8217947382570283,1239.59670934
0.69269806,440.13608,False,80,50,15,0.8217947382570283,1239.59670934
0.7506011,567.17773,False,80,50,15,0.8217947382570283,1239.59670934
0.7079735,479.84274,False,80,50,15,0.8217947382570283,1239.59670934
0.16210115,331.89832,False,80,50,15,0.8217947382570283,1239.59670934
0.0,333.8327,False,80,50,15,0.8217947382570283,1239.59670934
0.7147777,704.4504,False,80,50,15,0.8217947382570283,1239.59670934
0.76684046,579.00366,False,80,50,15,0.8217947382570283,1239.59670934
0.6102166,829.7661,False,80,50,15,0.8217947382570283,1239.59670934
2.1941692e-15,7.764724,False,80,50,15,0.8217947382570283,1239.59670934
0.0,239.53658,False,80,50,15,0.8217947382570283,1239.59670934
0.0,319.85315,False,80,50,15,0.8217947382570283,1239.59670934
0.0,207.78165,False,80,50,15,0.8217947382570283,1239.59670934
0.65310615,456.73065,False,80,50,15,0.8217947382570283,1239.59670934
6.3766144e-16,217.88875,False,80,50,15,0.8217947382570283,1239.59670934
0.5589381,336.40335,False,80,50,15,0.8217947382570283,1239.59670934
0.13534547,722.451,False,80,50,15,0.8217947382570283,1239.59670934
9.9223114e-17,425.54318,False,80,50,15,0.8217947382570283,1239.59670934
0.0,391.7732,False,80,50,15,0.8217947382570283,1239.59670934
0.55359024,827.2212,False,80,50,15,0.8217947382570283,1239.59670934
0.0,286.6681,False,80,50,15,0.8217947382570283,1239.59670934
0.0,312.8909,False,80,50,15,0.8217947382570283,1239.59670934
0.0,380.11517,False,80,50,15,0.8217947382570283,1239.59670934
0.0,250.96097,False,80,50,15,0.8217947382570283,1239.59670934
0.0,14.964008,False,80,50,15,0.8217947382570283,1239.59670934
1.8704313e-16,326.68585,False,80,50,15,0.8217947382570283,1239.59670934
0.0,269.21548,False,80,50,15,0.8217947382570283,1239.59670934
0.68532705,345.04086,False,80,50,15,0.8217947382570283,1239.59670934
0.72035664,425.05826,False,80,50,15,0.8217947382570283,1239.59670934
0.0,399.69034,False,80,50,15,0.8217947382570283,1239.59670934
0.8146298,835.6872,False,80,50,15,0.8217947382570283,1239.59670934
0.6275483,333.4369,False,80,50,15,0.8217947382570283,1239.59670934
0.36648354,374.8826,False,80,50,15,0.8217947382570283,1239.59670934
0.79387206,669.6823,False,80,50,15,0.8217947382570283,1239.59670934
0.7328927,445.03424,False,80,50,15,0.8217947382570283,1239.59670934
0.0,375.8243,False,80,50,15,0.8217947382570283,1239.59670934
6.801205e-16,68.54232,False,80,50,15,0.8217947382570283,1239.59670934
0.7596346,467.4332,False,80,50,15,0.8217947382570283,1239.59670934
0.45527798,664.48627,False,80,50,15,0.8217947382570283,1239.59670934
0.8082802,639.6668,False,80,50,15,0.8217947382570283,1239.59670934
2.4367436e-16,334.47607,False,80,50,15,0.8217947382570283,1239.59670934
0.8095614,1472.3253,False,80,50,15,0.8217947382570283,1239.59670934
4.751984e-30,283.23242,False,80,50,15,0.8217947382570283,1239.59670934
0.6679611,430.97186,False,80,50,15,0.8217947382570283,1239.59670934
0.0,353.248,False,80,50,15,0.8217947382570283,1239.59670934
5.934248e-31,318.7949,False,80,50,15,0.8217947382570283,1239.59670934
0.50021,480.22943,False,80,50,15,0.8217947382570283,1239.59670934
0.82179475,780.19147,False,80,50,15,0.8217947382570283,1239.59670934
1.5982988e-15,7.764724,False,80,50,15,0.8217947382570283,1239.59670934
0.43868458,295.85934,False,80,50,15,0.8217947382570283,1239.59670934
1.3195029e-16,364.33636,False,80,50,15,0.8217947382570283,1239.59670934
0.45577174,691.52374,False,80,50,15,0.8217947382570283,1239.59670934
0.0,169.96053,False,80,50,15,0.8217947382570283,1239.59670934
0.64687014,389.0461,False,80,50,15,0.8217947382570283,1239.59670934
0.0,14.013443,False,80,50,15,0.8217947382570283,1239.59670934
0.79080516,496.84494,False,80,50,15,0.8217947382570283,1239.59670934
0.3123424,371.04007,False,80,50,15,0.8217947382570283,1239.59670934
0.0,452.21622,False,80,50,15,0.8217947382570283,1239.59670934
0.0,222.36076,False,80,50,15,0.8217947382570283,1239.59670934
0.82179475,869.4339,False,80,50,15,0.8217947382570283,1239.59670934
0.8097682,611.8712,False,80,50,15,0.8217947382570283,1239.59670934
0.82142615,700.98804,False,80,50,15,0.8217947382570283,1239.59670934
0.0,263.2125,False,80,50,15,0.8217947382570283,1239.59670934
0.7984687,534.7478,False,80,50,15,0.8217947382570283,1239.59670934
0.0,1199.2727,False,80,50,15,0.8217947382570283,1239.59670934
1.1649474e-29,247.62654,False,80,50,15,0.8217947382570283,1239.59670934
0.0,358.377,False,80,50,15,0.8217947382570283,1239.59670934
0.0,404.46906,False,80,50,15,0.8217947382570283,1239.59670934
0.6459804,434.7812,False,80,50,15,0.8217947382570283,1239.59670934
0.6183609,327.29214,False,80,50,15,0.8217947382570283,1239.59670934
0.71387875,571.8583,False,80,50,15,0.8217947382570283,1239.59670934
0.68922484,512.6235,False,80,50,15,0.8217947382570283,1239.59670934
1.7168234e-16,184.90575,False,80,50,15,0.8217947382570283,1239.59670934
0.6332257,358.15894,False,80,50,15,0.8217947382570283,1239.59670934
0.7516041,652.0563,False,80,50,15,0.8217947382570283,1239.59670934
0.6648377,452.58356,False,80,50,15,0.8217947382570283,1239.59670934
1.4449178e-15,21.72235,False,80,50,15,0.8217947382570283,1239.59670934
0.82179475,830.1215,False,80,50,15,0.8217947382570283,1239.59670934
0.7310393,633.47815,False,80,50,15,0.8217947382570283,1239.59670934
0.64125407,387.84064,False,80,50,15,0.8217947382570283,1239.59670934
0.68837583,485.62137,False,80,50,15,0.8217947382570283,1239.59670934
0.82179475,774.4896,False,80,50,15,0.8217947382570283,1239.59670934
0.69251657,540.87756,False,80,50,15,0.8217947382570283,1239.59670934
0.7266165,621.7932,False,80,50,15,0.8217947382570283,1239.59670934
0.81370693,790.89496,False,80,50,15,0.8217947382570283,1239.59670934
0.6642038,438.90604,False,80,50,15,0.8217947382570283,1239.59670934
0.8060258,797.70996,False,80,50,15,0.8217947382570283,1239.59670934
0.34283674,1468.2863,False,80,50,15,0.8217947382570283,1239.59670934
0.45761865,481.34015,False,80,50,15,0.8217947382570283,1239.59670934
0.6319424,370.56186,False,80,50,15,0.8217947382570283,1239.59670934
0.72471076,629.85974,False,80,50,15,0.8217947382570283,1239.59670934
0.69014096,515.3506,False,80,50,15,0.8217947382570283,1239.59670934
0.27158484,518.65283,False,80,50,15,0.8217947382570283,1239.59670934
0.7909841,810.64905,False,80,50,15,0.8217947382570283,1239.59670934
0.7308706,655.24207,False,80,50,15,0.8217947382570283,1239.59670934
5.0848857e-20,295.08347,False,80,50,15,0.8217947382570283,1239.59670934
0.6995141,530.1836,False,80,50,15,0.8217947382570283,1239.59670934
1.8429828e-15,424.3542,False,80,50,15,0.8217947382570283,1239.59670934
0.0,232.32155,False,80,50,15,0.8217947382570283,1239.59670934
0.0,7.764724,False,80,50,15,0.8217947382570283,1239.59670934
0.6622488,437.99973,False,80,50,15,0.8217947382570283,1239.59670934
0.0,302.94617,False,80,50,15,0.8217947382570283,1239.59670934
0.6740764,464.9983,False,80,50,15,0.8217947382570283,1239.59670934
0.81714624,1501.3899,False,80,50,15,0.8217947382570283,1239.59670934
0.6325193,380.46893,False,80,50,15,0.8217947382570283,1239.59670934
0.6475356,369.68735,False,80,50,15,0.8217947382570283,1239.59670934
0.3477239,493.3888,False,80,50,15,0.8217947382570283,1239.59670934
0.8187007,824.62054,False,80,50,15,0.8217947382570283,1239.59670934
0.50944424,592.22705,False,80,50,15,0.8217947382570283,1239.59670934
0.0,330.87912,False,80,50,15,0.8217947382570283,1239.59670934
0.7453646,629.8425,False,80,50,15,0.8217947382570283,1239.59670934
0.71432656,564.36414,False,80,50,15,0.8217947382570283,1239.59670934
0.0,297.10388,False,80,50,15,0.8217947382570283,1239.59670934
0.0,160.17488,False,80,50,15,0.8217947382570283,1239.59670934
0.71927804,442.3431,False,80,50,15,0.8217947382570283,1239.59670934
0.7202943,415.27908,False,80,50,15,0.8217947382570283,1239.59670934
0.22404763,173.88255,False,80,50,15,0.8217947382570283,1239.59670934
0.7350982,468.55188,False,80,50,15,0.8217947382570283,1239.59670934
0.61461496,279.996,False,80,50,15,0.8217947382570283,1239.59670934
0.78226286,548.295,False,80,50,15,0.8217947382570283,1239.59670934
0.59626055,646.50024,False,80,50,15,0.8217947382570283,1239.59670934
0.76032126,497.62048,False,80,50,15,0.8217947382570283,1239.59670934
0.0,212.81557,False,80,50,15,0.8217947382570283,1239.59670934
0.73616123,429.29916,False,80,50,15,0.8217947382570283,1239.59670934
0.760359,461.81387,False,80,50,15,0.8217947382570283,1239.59670934
0.7254067,458.59073,False,80,50,15,0.8217947382570283,1239.59670934
0.39359555,372.6946,False,80,50,15,0.8217947382570283,1239.59670934
0.1546961,400.70255,False,80,50,15,0.8217947382570283,1239.59670934
0.73839575,440.06964,False,80,50,15,0.8217947382570283,1239.59670934
0.6900113,372.32166,False,80,50,15,0.8217947382570283,1239.59670934
0.718368,432.52182,False,80,50,15,0.8217947382570283,1239.59670934
0.78114146,563.4766,False,80,50,15,0.8217947382570283,1239.59670934
0.7167161,397.04153,False,80,50,15,0.8217947382570283,1239.59670934
0.7846371,717.8873,False,80,50,15,0.8217947382570283,1239.59670934
0.82179475,788.6455,False,80,50,15,0.8217947382570283,1239.59670934
0.79568267,537.10565,False,80,50,15,0.8217947382570283,1239.59670934
0.19914226,226.29929,False,80,50,15,0.8217947382570283,1239.59670934
0.47660226,880.0457,False,80,50,15,0.8217947382570283,1239.59670934
0.7580721,481.2943,False,80,50,15,0.8217947382570283,1239.59670934
0.7251919,387.66565,False,80,50,15,0.8217947382570283,1239.59670934
0.6470984,706.04926,False,80,50,15,0.8217947382570283,1239.59670934
0.60875344,259.27567,False,80,50,15,0.8217947382570283,1239.59670934
3.5955765e-15,302.04803,False,80,50,15,0.8217947382570283,1239.59670934
0.46923333,832.64154,False,80,50,15,0.8217947382570283,1239.59670934
0.81956077,737.5761,False,80,50,15,0.8217947382570283,1239.59670934
0.6738307,319.5222,False,80,50,15,0.8217947382570283,1239.59670934
0.68947166,294.26465,False,80,50,15,0.8217947382570283,1239.59670934
0.72696435,427.1504,False,80,50,15,0.8217947382570283,1239.59670934
0.75117445,482.113,False,80,50,15,0.8217947382570283,1239.59670934
0.75420344,417.42932,False,80,50,15,0.8217947382570283,1239.59670934
0.71104294,365.63278,False,80,50,15,0.8217947382570283,1239.59670934
0.0,166.11566,False,80,50,15,0.8217947382570283,1239.59670934
0.673624,319.00558,False,80,50,15,0.8217947382570283,1239.59670934
0.5209846,653.16785,False,80,50,15,0.8217947382570283,1239.59670934
0.7869984,544.7278,False,80,50,15,0.8217947382570283,1239.59670934
0.1452918,425.0603,False,80,50,15,0.8217947382570283,1239.59670934
0.7280665,434.70276,False,80,50,15,0.8217947382570283,1239.59670934
0.2763568,500.1555,False,80,50,15,0.8217947382570283,1239.59670934
0.7776183,545.77057,False,80,50,15,0.8217947382570283,1239.59670934
0.75995994,465.74652,False,80,50,15,0.8217947382570283,1239.59670934
0.7539459,423.00366,False,80,50,15,0.8217947382570283,1239.59670934
0.0,239.65433,False,80,50,15,0.8217947382570283,1239.59670934
0.70227754,445.0963,False,80,50,15,0.8217947382570283,1239.59670934
0.73041666,367.3063,False,80,50,15,0.8217947382570283,1239.59670934
0.75390464,490.01398,False,80,50,15,0.8217947382570283,1239.59670934
0.82179475,1528.8436,False,80,50,15,0.8217947382570283,1239.59670934
0.82179475,1589.4773,False,80,50,15,0.8217947382570283,1239.59670934
0.8137021,772.85114,False,80,50,15,0.8217947382570283,1239.59670934
0.82179475,783.47754,False,80,50,15,0.8217947382570283,1239.59670934
0.0,341.52243,False,80,50,15,0.8217947382570283,1239.59670934
0.7194931,381.82837,False,80,50,15,0.8217947382570283,1239.59670934
0.74441576,362.10162,False,80,50,15,0.8217947382570283,1239.59670934
0.5301859,724.27185,False,80,50,15,0.8217947382570283,1239.59670934
3.916304e-14,202.26958,False,80,50,15,0.8217947382570283,1239.59670934
0.81335396,583.8633,False,80,50,15,0.8217947382570283,1239.59670934
3.761391e-14,486.417,False,80,50,15,0.8217947382570283,1239.59670934
0.82179475,622.74316,False,80,50,15,0.8217947382570283,1239.59670934
0.6948755,295.47757,False,80,50,15,0.8217947382570283,1239.59670934
0.71819633,340.41992,False,80,50,15,0.8217947382570283,1239.59670934
0.7355359,373.79175,False,80,50,15,0.8217947382570283,1239.59670934
0.7385606,355.90024,False,80,50,15,0.8217947382570283,1239.59670934
0.7245407,279.91724,False,80,50,15,0.8217947382570283,1239.59670934
0.0,126.41646,False,80,50,15,0.8217947382570283,1239.59670934
0.8071173,524.3343,False,80,50,15,0.8217947382570283,1239.59670934
0.0,264.37466,False,80,50,15,0.8217947382570283,1239.59670934
0.0,249.16328,False,80,50,15,0.8217947382570283,1239.59670934
0.028234743,328.0999,False,80,50,15,0.8217947382570283,1239.59670934
0.80387825,536.1127,False,80,50,15,0.8217947382570283,1239.59670934
0.0,210.65439,False,80,50,15,0.8217947382570283,1239.59670934
0.7509287,304.4076,False,80,50,15,0.8217947382570283,1239.59670934
0.82085377,439.36594,False,80,50,15,0.8217947382570283,1239.59670934
0.0,246.27072,False,80,50,15,0.8217947382570283,1239.59670934
0.8154423,411.93713,True,80,50,15,0.8217947382570283,1239.59670934
0.8109419,413.79416,False,80,50,15,0.8217947382570283,1239.59670934
0.0,136.69124,False,80,50,15,0.8217947382570283,1239.59670934
0.7445009,284.3759,False,80,50,15,0.8217947382570283,1239.59670934
0.4328092,267.55783,False,80,50,15,0.8217947382570283,1239.59670934
0.0,342.43945,False,80,50,15,0.8217947382570283,1239.59670934
7.1588144e-16,289.30408,False,80,50,15,0.8217947382570283,1239.59670934
0.78461796,344.41776,False,80,50,15,0.8217947382570283,1239.59670934
0.1796984,363.44125,False,80,50,15,0.8217947382570283,1239.59670934
4.5618796e-16,399.22525,False,80,50,15,0.8217947382570283,1239.59670934
0.0,204.53258,False,80,50,15,0.8217947382570283,1239.59670934
0.80414444,374.20398,False,80,50,15,0.8217947382570283,1239.59670934
0.0,7.764724,False,80,50,15,0.8217947382570283,1239.59670934
1.5970454e-14,230.3238,False,80,50,15,0.8217947382570283,1239.59670934
0.82179475,513.6578,False,80,50,15,0.8217947382570283,1239.59670934
0.6763062,899.0243,False,80,50,15,0.8217947382570283,1239.59670934
0.80172986,396.4867,False,80,50,15,0.8217947382570283,1239.59670934
0.80486333,419.1953,False,80,50,15,0.8217947382570283,1239.59670934
0.75011325,280.82443,False,80,50,15,0.8217947382570283,1239.59670934
0.7738708,320.7484,True,80,50,15,0.8217947382570283,1239.59670934
0.3418944,757.048,False,80,50,15,0.8217947382570283,1239.59670934
0.54975176,660.8074,False,80,50,15,0.8217947382570283,1239.59670934
0.82179475,472.27304,True,80,50,15,0.8217947382570283,1239.59670934
0.4460056,548.37317,False,80,50,15,0.8217947382570283,1239.59670934
0.6558915,500.8532,False,80,50,15,0.8217947382570283,1239.59670934
0.68507,611.3706,False,80,50,15,0.8217947382570283,1239.59670934
0.0,255.89278,False,80,50,15,0.8217947382570283,1239.59670934
0.6237006,251.25443,False,80,50,15,0.8217947382570283,1239.59670934
0.82179475,735.0621,False,80,50,15,0.8217947382570283,1239.59670934
0.79832774,408.9992,False,80,50,15,0.8217947382570283,1239.59670934
0.81816494,486.25995,False,80,50,15,0.8217947382570283,1239.59670934
0.78818214,363.66113,False,80,50,15,0.8217947382570283,1239.59670934
0.2005291,702.3253,False,80,50,15,0.8217947382570283,1239.59670934
0.77250546,793.1573,False,80,50,15,0.8217947382570283,1239.59670934
0.8189546,477.174,False,80,50,15,0.8217947382570283,1239.59670934
0.57577163,769.96124,False,80,50,15,0.8217947382570283,1239.59670934
0.7967147,393.5787,False,80,50,15,0.8217947382570283,1239.59670934
0.7299665,291.92264,False,80,50,15,0.8217947382570283,1239.59670934
0.82179475,708.3729,False,80,50,15,0.8217947382570283,1239.59670934
0.82179475,861.60016,False,80,50,15,0.8217947382570283,1239.59670934
0.0,7.764724,False,80,50,15,0.8217947382570283,1239.59670934
0.55277556,649.4053,False,80,50,15,0.8217947382570283,1239.59670934
0.8200516,490.74008,False,80,50,15,0.8217947382570283,1239.59670934
0.74871266,317.91144,False,80,50,15,0.8217947382570283,1239.59670934
0.0,7.764724,False,80,50,15,0.8217947382570283,1239.59670934
0.7951358,695.46106,False,80,50,15,0.8217947382570283,1239.59670934
0.58681077,1044.2285,False,80,50,15,0.8217947382570283,1239.59670934
0.7966595,393.14166,False,80,50,15,0.8217947382570283,1239.59670934
0.45726994,830.59204,False,80,50,15,0.8217947382570283,1239.59670934
0.66140234,394.155,False,80,50,15,0.8217947382570283,1239.59670934
0.0,273.74576,False,80,50,15,0.8217947382570283,1239.59670934
0.58509827,802.0152,False,80,50,15,0.8217947382570283,1239.59670934
0.81246364,443.75067,False,80,50,15,0.8217947382570283,1239.59670934
0.7083591,275.21576,False,80,50,15,0.8217947382570283,1239.59670934
0.720882,862.823,False,80,50,15,0.8217947382570283,1239.59670934
0.82179475,740.5835,False,80,50,15,0.8217947382570283,1239.59670934
0.7011475,272.44,True,80,50,15,0.8217947382570283,1239.59670934
0.68312603,289.35422,False,80,50,15,0.8217947382570283,1239.59670934
0.82179475,613.2263,False,80,50,15,0.8217947382570283,1239.59670934
0.79676056,403.5119,False,80,50,15,0.8217947382570283,1239.59670934
0.76275444,350.1839,False,80,50,15,0.8217947382570283,1239.59670934
0.82179475,490.00293,False,80,50,15,0.8217947382570283,1239.59670934
0.56199986,630.7522,False,80,50,15,0.8217947382570283,1239.59670934
0.20634201,720.16895,False,80,50,15,0.8217947382570283,1239.59670934
0.28058994,479.18988,False,80,50,15,0.8217947382570283,1239.59670934
0.13409762,441.29657,False,80,50,15,0.8217947382570283,1239.59670934
0.72996444,395.33673,False,80,50,15,0.8217947382570283,1239.59670934
0.6036577,716.2005,False,80,50,15,0.8217947382570283,1239.59670934
3.8827554e-15,265.93796,False,80,50,15,0.8217947382570283,1239.59670934
0.54847485,723.30475,False,80,50,15,0.8217947382570283,1239.59670934
0.71647257,314.48965,False,80,50,15,0.8217947382570283,1239.59670934
0.82048064,726.00464,False,80,50,15,0.8217947382570283,1239.59670934
0.025119584,218.20966,False,80,50,15,0.8217947382570283,1239.59670934
0.8007058,430.98483,False,80,50,15,0.8217947382570283,1239.59670934
0.58699214,605.35065,False,80,50,15,0.8217947382570283,1239.59670934
0.30009928,587.23895,False,80,50,15,0.8217947382570283,1239.59670934
0.82179475,569.8757,True,80,50,15,0.8217947382570283,1239.59670934
0.7375785,737.6033,False,80,50,15,0.8217947382570283,1239.59670934
0.66505384,267.35355,False,80,50,15,0.8217947382570283,1239.59670934
0.0,7.764724,False,80,50,15,0.8217947382570283,1239.59670934
7.959245e-15,168.63234,False,80,50,15,0.8217947382570283,1239.59670934
0.82179475,1162.9397,False,80,50,15,0.8217947382570283,1239.59670934
0.5601863,582.4875,False,80,50,15,0.8217947382570283,1239.59670934
0.7021726,295.56165,False,80,50,15,0.8217947382570283,1239.59670934
0.10453032,561.80096,False,80,50,15,0.8217947382570283,1239.59670934
0.19752209,448.81613,False,80,50,15,0.8217947382570283,1239.59670934
0.23611915,355.54605,False,80,50,15,0.8217947382570283,1239.59670934
0.7548067,287.37408,True,80,50,15,0.8217947382570283,1239.59670934
0.7930591,387.27438,False,80,50,15,0.8217947382570283,1239.59670934
1.7616347e-13,180.5465,False,80,50,15,0.8217947382570283,1239.59670934
0.7883072,341.5118,True,80,50,15,0.8217947382570283,1239.59670934
0.81810915,650.3002,False,80,50,15,0.8217947382570283,1239.59670934
0.23745756,662.4724,False,80,50,15,0.8217947382570283,1239.59670934
8.623709e-17,7.764724,False,80,50,15,0.8217947382570283,1239.59670934
0.75110584,737.5923,False,80,50,15,0.8217947382570283,1239.59670934
0.8010038,443.85907,False,80,50,15,0.8217947382570283,1239.59670934
0.4550606,810.9358,False,80,50,15,0.8217947382570283,1239.59670934
0.48302582,770.6128,False,80,50,15,0.8217947382570283,1239.59670934
0.5564412,753.7848,False,80,50,15,0.8217947382570283,1239.59670934
0.5456669,775.6483,False,80,50,15,0.8217947382570283,1239.59670934
0.6704679,687.4204,False,80,50,15,0.8217947382570283,1239.59670934
0.37720984,482.97372,False,80,50,15,0.8217947382570283,1239.59670934
0.77705544,375.303,False,80,50,15,0.8217947382570283,1239.59670934
0.7308647,296.7811,False,80,50,15,0.8217947382570283,1239.59670934
0.82179475,793.0389,False,80,50,15,0.8217947382570283,1239.59670934
0.0,157.55238,False,80,50,15,0.8217947382570283,1239.59670934
2.2164226e-15,7.764724,False,80,50,15,0.8217947382570283,1239.59670934
0.6720513,950.9519,False,80,50,15,0.8217947382570283,1239.59670934
0.78981066,413.07523,False,80,50,15,0.8217947382570283,1239.59670934
7.186032e-14,205.65164,False,80,50,15,0.8217947382570283,1239.59670934
0.76411694,352.20325,False,80,50,15,0.8217947382570283,1239.59670934
0.77304786,370.34634,False,80,50,15,0.8217947382570283,1239.59670934
0.82179475,593.5364,False,80,50,15,0.8217947382570283,1239.59670934
0.82179475,711.73285,False,80,50,15,0.8217947382570283,1239.59670934
0.51265246,669.97125,False,80,50,15,0.8217947382570283,1239.59670934
0.04921054,818.5527,False,80,50,15,0.8217947382570283,1239.59670934
0.79339635,432.7196,False,80,50,15,0.8217947382570283,1239.59670934
0.81213695,364.88553,True,80,50,15,0.8217947382570283,1239.59670934
0.21408576,626.35944,False,80,50,15,0.8217947382570283,1239.59670934
1.68589e-16,314.39636,False,80,50,15,0.8217947382570283,1239.59670934
0.5141157,485.93115,False,80,50,15,0.8217947382570283,1239.59670934
0.09782582,294.0706,False,80,50,15,0.8217947382570283,1239.59670934
0.0,268.4509,False,80,50,15,0.8217947382570283,1239.59670934
0.82179475,434.49695,True,80,50,15,0.8217947382570283,1239.59670934
0.0,339.1826,False,80,50,15,0.8217947382570283,1239.59670934
0.43006882,491.78598,False,80,50,15,0.8217947382570283,1239.59670934
0.41622856,707.8975,False,80,50,15,0.8217947382570283,1239.59670934
0.6653877,469.6956,False,80,50,15,0.8217947382570283,1239.59670934
0.0,279.1541,False,80,50,15,0.8217947382570283,1239.59670934
0.5017776,759.4105,False,80,50,15,0.8217947382570283,1239.59670934
0.0,206.68912,False,80,50,15,0.8217947382570283,1239.59670934
4.9147276e-30,243.71158,False,80,50,15,0.8217947382570283,1239.59670934
0.0,156.59482,False,80,50,15,0.8217947382570283,1239.59670934
0.79517674,416.42563,False,80,50,15,0.8217947382570283,1239.59670934
0.40255195,369.67148,False,80,50,15,0.8217947382570283,1239.59670934
0.0,7.764724,False,80,50,15,0.8217947382570283,1239.59670934
0.37849385,297.16132,False,80,50,15,0.8217947382570283,1239.59670934
0.68561924,755.1806,False,80,50,15,0.8217947382570283,1239.59670934
0.0,117.406044,False,80,50,15,0.8217947382570283,1239.59670934
0.79644144,433.074,False,80,50,15,0.8217947382570283,1239.59670934
4.7106633e-14,223.02681,False,80,50,15,0.8217947382570283,1239.59670934
0.0,185.17923,False,80,50,15,0.8217947382570283,1239.59670934
0.79508096,347.47562,True,80,50,15,0.8217947382570283,1239.59670934
0.798021,502.22675,False,80,50,15,0.8217947382570283,1239.59670934
0.13973507,957.1272,False,80,50,15,0.8217947382570283,1239.59670934
0.0,128.70813,False,80,50,15,0.8217947382570283,1239.59670934
0.55016935,273.8816,False,80,50,15,0.8217947382570283,1239.59670934
0.8155946,724.79285,False,80,50,15,0.8217947382570283,1239.59670934
0.7075209,305.20126,False,80,50,15,0.8217947382570283,1239.59670934
0.79243416,419.93994,False,80,50,15,0.8217947382570283,1239.59670934
0.7424671,368.4004,False,80,50,15,0.8217947382570283,1239.59670934
0.0,331.93088,False,80,50,15,0.8217947382570283,1239.59670934
0.0,79.08896,False,80,50,15,0.8217947382570283,1239.59670934
0.75487846,390.06937,False,80,50,15,0.8217947382570283,1239.59670934
0.102614604,344.6607,False,80,50,15,0.8217947382570283,1239.59670934
0.23018807,616.9357,False,80,50,15,0.8217947382570283,1239.59670934
0.19237146,630.35284,False,80,50,15,0.8217947382570283,1239.59670934
0.488701,256.7641,False,80,50,15,0.8217947382570283,1239.59670934
0.6941862,291.46014,False,80,50,15,0.8217947382570283,1239.59670934
0.07142619,614.2745,False,80,50,15,0.8217947382570283,1239.59670934
0.72004086,340.72867,False,80,50,15,0.8217947382570283,1239.59670934
0.0,199.23941,False,80,50,15,0.8217947382570283,1239.59670934
0.8013206,524.28595,False,80,50,15,0.8217947382570283,1239.59670934
0.2512024,224.85893,False,80,50,15,0.8217947382570283,1239.59670934
0.82179475,753.70135,False,80,50,15,0.8217947382570283,1239.59670934
0.36343944,234.12979,False,80,50,15,0.8217947382570283,1239.59670934
0.6954869,296.26123,False,80,50,15,0.8217947382570283,1239.59670934
0.076432206,425.21384,False,80,50,15,0.8217947382570283,1239.59670934
7.554871e-15,57.431232,False,80,50,15,0.8217947382570283,1239.59670934
0.8068778,534.14856,False,80,50,15,0.8217947382570283,1239.59670934
0.78980404,463.37378,False,80,50,15,0.8217947382570283,1239.59670934
1.6751916e-14,413.23862,False,80,50,15,0.8217947382570283,1239.59670934
0.5248089,360.21677,False,80,50,15,0.8217947382570283,1239.59670934
0.7234906,327.37756,False,80,50,15,0.8217947382570283,1239.59670934
0.777313,432.34253,False,80,50,15,0.8217947382570283,1239.59670934
0.82179475,676.0988,False,80,50,15,0.8217947382570283,1239.59670934
0.30042893,545.65283,False,80,50,15,0.8217947382570283,1239.59670934
0.0,195.39275,False,80,50,15,0.8217947382570283,1239.59670934
0.7011971,331.42337,False,80,50,15,0.8217947382570283,1239.59670934
0.32846457,544.256,False,80,50,15,0.8217947382570283,1239.59670934
0.72911185,383.03098,False,80,50,15,0.8217947382570283,1239.59670934
0.40646467,425.6801,False,80,50,15,0.8217947382570283,1239.59670934
0.3233416,746.5927,False,80,50,15,0.8217947382570283,1239.59670934
0.0,296.11343,False,80,50,15,0.8217947382570283,1239.59670934
0.0,202.83768,False,80,50,15,0.8217947382570283,1239.59670934
0.6805992,322.728,False,80,50,15,0.8217947382570283,1239.59670934
0.8058857,1220.2073,False,80,50,15,0.8217947382570283,1239.59670934
0.0,385.86465,False,80,50,15,0.8217947382570283,1239.59670934
0.0,270.3444,False,80,50,15,0.8217947382570283,1239.59670934
0.49310905,748.21796,False,80,50,15,0.8217947382570283,1239.59670934
0.7415421,395.754,False,80,50,15,0.8217947382570283,1239.59670934
0.6629749,305.36322,False,80,50,15,0.8217947382570283,1239.59670934
0.0,7.764724,False,80,50,15,0.8217947382570283,1239.59670934
0.21439771,389.334,False,80,50,15,0.8217947382570283,1239.59670934
0.80824137,741.92,False,80,50,15,0.8217947382570283,1239.59670934
0.7499541,380.94476,False,80,50,15,0.8217947382570283,1239.59670934
0.75716203,417.32446,False,80,50,15,0.8217947382570283,1239.59670934
0.82179475,575.9117,False,80,50,15,0.8217947382570283,1239.59670934
6.9770805e-17,562.8751,False,80,50,15,0.8217947382570283,1239.59670934
0.62581486,616.83545,False,80,50,15,0.8217947382570283,1239.59670934
0.7042167,603.5856,False,80,50,15,0.8217947382570283,1239.59670934
0.0,7.764724,False,80,50,15,0.8217947382570283,1239.59670934
0.743463,404.84232,False,80,50,15,0.8217947382570283,1239.59670934
0.7285354,334.26273,False,80,50,15,0.8217947382570283,1239.59670934
0.21026486,367.1217,False,80,50,15,0.8217947382570283,1239.59670934
0.27224472,194.5463,False,80,50,15,0.8217947382570283,1239.59670934
0.26622158,556.79913,False,80,50,15,0.8217947382570283,1239.59670934
0.7981965,702.5652,False,80,50,15,0.8217947382570283,1239.59670934
0.69504994,322.62073,False,80,50,15,0.8217947382570283,1239.59670934
0.67645097,309.9619,False,80,50,15,0.8217947382570283,1239.59670934
0.40465853,505.5523,False,80,50,15,0.8217947382570283,1239.59670934
0.14779781,441.689,False,80,50,15,0.8217947382570283,1239.59670934
0.82179475,803.0224,False,80,50,15,0.8217947382570283,1239.59670934
0.7869195,396.21588,False,80,50,15,0.8217947382570283,1239.59670934
0.7401683,350.7155,False,80,50,15,0.8217947382570283,1239.59670934
0.68219846,325.44852,False,80,50,15,0.8217947382570283,1239.59670934
0.72037727,339.74158,False,80,50,15,0.8217947382570283,1239.59670934
0.22228572,400.0016,False,80,50,15,0.8217947382570283,1239.59670934
4.8479745e-16,86.666336,False,80,50,15,0.8217947382570283,1239.59670934
0.5356498,488.93478,False,80,50,15,0.8217947382570283,1239.59670934
0.63944286,669.43365,False,80,50,15,0.8217947382570283,1239.59670934
0.53896356,263.58676,False,80,50,15,0.8217947382570283,1239.59670934
0.60219324,237.7621,False,80,50,15,0.8217947382570283,1239.59670934
1.7515825e-16,184.48207,False,80,50,15,0.8217947382570283,1239.59670934
0.75222105,372.55304,False,80,50,15,0.8217947382570283,1239.59670934
0.73019284,354.48367,False,80,50,15,0.8217947382570283,1239.59670934
0.82179475,1512.091,False,80,50,15,0.8217947382570283,1239.59670934
0.0,94.082794,False,80,50,15,0.8217947382570283,1239.59670934
0.70187336,320.49167,False,80,50,15,0.8217947382570283,1239.59670934
0.30041957,596.9198,False,80,50,15,0.8217947382570283,1239.59670934
0.6012688,702.4833,False,80,50,15,0.8217947382570283,1239.59670934
0.5741603,243.33194,False,80,50,15,0.8217947382570283,1239.59670934
0.71205777,626.8349,False,80,50,15,0.8217947382570283,1239.59670934
0.67692083,308.50134,False,80,50,15,0.8217947382570283,1239.59670934
0.81861204,768.269,False,80,50,15,0.8217947382570283,1239.59670934
0.22395541,355.04224,False,80,50,15,0.8217947382570283,1239.59670934
0.37206426,583.0444,False,80,50,15,0.8217947382570283,1239.59670934
7.3726306e-30,225.06046,False,80,50,15,0.8217947382570283,1239.59670934
0.7217471,318.78442,False,80,50,15,0.8217947382570283,1239.59670934
4.3215399e-16,7.764724,False,80,50,15,0.8217947382570283,1239.59670934
0.8033745,525.28723,False,80,50,15,0.8217947382570283,1239.59670934
0.82179475,1164.3685,False,80,50,15,0.8217947382570283,1239.59670934
0.72100854,333.54645,False,80,50,15,0.8217947382570283,1239.59670934
0.19204287,513.9329,False,80,50,15,0.8217947382570283,1239.59670934
0.78345037,460.93668,False,80,50,15,0.8217947382570283,1239.59670934
0.786237,468.83585,False,80,50,15,0.8217947382570283,1239.59670934
0.44962263,599.0963,False,80,50,15,0.8217947382570283,1239.59670934
0.6294443,729.3345,False,80,50,15,0.8217947382570283,1239.59670934
2.7896085e-16,248.73889,False,80,50,15,0.8217947382570283,1239.59670934
0.0,749.36664,False,80,50,15,0.8217947382570283,1239.59670934
0.6626621,550.50354,False,80,50,15,0.8217947382570283,1239.59670934
0.15089373,413.8343,False,80,50,15,0.8217947382570283,1239.59670934
3.076705e-16,44.512722,False,80,50,15,0.8217947382570283,1239.59670934
0.6903311,314.34085,False,80,50,15,0.8217947382570283,1239.59670934
0.39431986,596.47955,False,80,50,15,0.8217947382570283,1239.59670934
0.18863657,543.12524,False,80,50,15,0.8217947382570283,1239.59670934
0.7412976,341.91266,False,80,50,15,0.8217947382570283,1239.59670934
0.25482294,547.7368,False,80,50,15,0.8217947382570283,1239.59670934
0.12973657,362.35147,False,80,50,15,0.8217947382570283,1239.59670934
0.82179475,517.64233,True,80,50,15,0.8217947382570283,1239.59670934
0.81520206,1204.6207,False,80,50,15,0.8217947382570283,1239.59670934
0.7532783,348.60773,False,80,50,15,0.8217947382570283,1239.59670934
0.59985113,647.97424,False,80,50,15,0.8217947382570283,1239.59670934
0.663443,797.6238,False,80,50,15,0.8217947382570283,1239.59670934
0.81613135,412.47958,True,80,50,15,0.8217947382570283,1239.59670934
6.2993073e-16,7.764724,False,80,50,15,0.8217947382570283,1239.59670934
0.5259831,519.79034,False,80,50,15,0.8217947382570283,1239.59670934
0.6939473,323.35437,False,80,50,15,0.8217947382570283,1239.59670934
0.73184615,353.7885,False,80,50,15,0.8217947382570283,1239.59670934
0.7329683,348.09778,False,80,50,15,0.8217947382570283,1239.59670934
0.73096544,348.38748,False,80,50,15,0.8217947382570283,1239.59670934
0.82179475,680.7756,False,80,50,15,0.8217947382570283,1239.59670934
0.7233297,345.99734,False,80,50,15,0.8217947382570283,1239.59670934
0.6753951,320.34964,False,80,50,15,0.8217947382570283,1239.59670934
0.21590741,461.04904,False,80,50,15,0.8217947382570283,1239.59670934
0.7844053,387.12982,False,80,50,15,0.8217947382570283,1239.59670934
0.7699139,373.0377,False,80,50,15,0.8217947382570283,1239.59670934
0.78567773,851.13446,False,80,50,15,0.8217947382570283,1239.59670934
0.46268716,806.61847,False,80,50,15,0.8217947382570283,1239.59670934
0.82179475,579.40936,False,80,50,15,0.8217947382570283,1239.59670934
0.5397365,573.5352,False,80,50,15,0.8217947382570283,1239.59670934
0.56739634,273.74576,False,80,50,15,0.8217947382570283,1239.59670934
0.59734607,274.5511,False,80,50,15,0.8217947382570283,1239.59670934
0.71613765,341.38623,False,80,50,15,0.8217947382570283,1239.59670934
0.43531668,205.82257,False,80,50,15,0.8217947382570283,1239.59670934
0.53689533,234.12804,False,80,50,15,0.8217947382570283,1239.59670934
0.0,228.18456,False,80,50,15,0.8217947382570283,1239.59670934
9.30154e-29,211.70602,False,80,50,15,0.8217947382570283,1239.59670934
0.8179953,709.4493,False,80,50,15,0.8217947382570283,1239.59670934
0.7074486,328.45892,False,80,50,15,0.8217947382570283,1239.59670934
0.27161238,192.1614,False,80,50,15,0.8217947382570283,1239.59670934
0.49691334,649.9689,False,80,50,15,0.8217947382570283,1239.59670934
0.79835117,480.14163,False,80,50,15,0.8217947382570283,1239.59670934
0.3480972,559.7703,False,80,50,15,0.8217947382570283,1239.59670934
0.31675878,579.0405,False,80,50,15,0.8217947382570283,1239.59670934
8.621392e-15,483.69995,False,80,50,15,0.8217947382570283,1239.59670934
0.82179475,642.5012,False,80,50,15,0.8217947382570283,1239.59670934
0.75679845,365.08755,False,80,50,15,0.8217947382570283,1239.59670934
0.6791848,306.65668,False,80,50,15,0.8217947382570283,1239.59670934
0.72509545,340.9551,False,80,50,15,0.8217947382570283,1239.59670934
0.82179475,768.88837,False,80,50,15,0.8217947382570283,1239.59670934
0.71642363,329.8538,False,80,50,15,0.8217947382570283,1239.59670934
0.7867938,393.7263,False,80,50,15,0.8217947382570283,1239.59670934
0.6337963,727.45245,False,80,50,15,0.8217947382570283,1239.59670934
0.8122543,473.9361,False,80,50,15,0.8217947382570283,1239.59670934
0.0,111.46066,False,80,50,15,0.8217947382570283,1239.59670934
0.61220336,276.27454,False,80,50,15,0.8217947382570283,1239.59670934
9.8078e-16,8.87047,False,80,50,15,0.8217947382570283,1239.59670934
0.0,103.60376,False,80,50,15,0.8217947382570283,1239.59670934
0.4645526,719.6448,False,80,50,15,0.8217947382570283,1239.59670934
0.36616737,487.7175,False,80,50,15,0.8217947382570283,1239.59670934
0.5167744,461.63074,False,80,50,15,0.8217947382570283,1239.59670934
0.7305548,353.82687,False,80,50,15,0.8217947382570283,1239.59670934
0.7796919,385.47855,False,80,50,15,0.8217947382570283,1239.59670934
0.75700134,431.07355,False,80,50,15,0.8217947382570283,1239.59670934
0.5428051,748.86163,False,80,50,15,0.8217947382570283,1239.59670934
0.62069404,676.6792,False,80,50,15,0.8217947382570283,1239.59670934
0.6466313,290.51712,False,80,50,15,0.8217947382570283,1239.59670934
0.57738024,274.95428,False,80,50,15,0.8217947382570283,1239.59670934
0.8139044,531.3427,False,80,50,15,0.8217947382570283,1239.59670934
0.5346474,813.4209,False,80,50,15,0.8217947382570283,1239.59670934
0.5054678,303.6796,False,80,50,15,0.8217947382570283,1239.59670934
0.53317916,249.21051,False,80,50,15,0.8217947382570283,1239.59670934
0.80430585,857.5418,False,80,50,15,0.8217947382570283,1239.59670934
0.61063296,628.6832,False,80,50,15,0.8217947382570283,1239.59670934
0.11857309,169.15984,False,80,50,15,0.8217947382570283,1239.59670934
0.5360102,590.904,False,80,50,15,0.8217947382570283,1239.59670934
0.0,121.92735,False,80,50,15,0.8217947382570283,1239.59670934
0.82179475,797.56287,False,80,50,15,0.8217947382570283,1239.59670934
0.80827826,518.1871,False,80,50,15,0.8217947382570283,1239.59670934
0.78808635,413.7955,False,80,50,15,0.8217947382570283,1239.59670934
0.70260274,326.0386,False,80,50,15,0.8217947382570283,1239.59670934
0.39703232,575.14465,False,80,50,15,0.8217947382570283,1239.59670934
0.45951813,317.67053,False,80,50,15,0.8217947382570283,1239.59670934
0.13746846,421.2338,False,80,50,15,0.8217947382570283,1239.59670934
0.55151206,250.47534,False,80,50,15,0.8217947382570283,1239.59670934
0.08669586,336.39813,False,80,50,15,0.8217947382570283,1239.59670934
0.34202886,485.82608,False,80,50,15,0.8217947382570283,1239.59670934
0.82179475,889.233,False,80,50,15,0.8217947382570283,1239.59670934
0.6640176,309.8016,False,80,50,15,0.8217947382570283,1239.59670934
0.7621888,385.4864,False,80,50,15,0.8217947382570283,1239.59670934
0.60786074,687.77936,False,80,50,15,0.8217947382570283,1239.59670934
0.81091845,518.8474,False,80,50,15,0.8217947382570283,1239.59670934
0.0,465.63077,False,80,50,15,0.8217947382570283,1239.59670934
0.5956434,260.3042,False,80,50,15,0.8217947382570283,1239.59670934
0.6106318,243.55687,False,80,50,15,0.8217947382570283,1239.59670934
0.7901765,462.97397,False,80,50,15,0.8217947382570283,1239.59670934
0.81226313,505.86447,False,80,50,15,0.8217947382570283,1239.59670934
7.463009e-16,193.42938,False,80,50,15,0.8217947382570283,1239.59670934
0.0,141.71701,False,80,50,15,0.8217947382570283,1239.59670934
0.16864976,376.01416,False,80,50,15,0.8217947382570283,1239.59670934
0.5154278,557.10846,False,80,50,15,0.8217947382570283,1239.59670934
0.5183161,220.33727,False,80,50,15,0.8217947382570283,1239.59670934
0.67689633,295.78226,False,80,50,15,0.8217947382570283,1239.59670934
0.6472625,810.4904,False,80,50,15,0.8217947382570283,1239.59670934
0.16863178,385.88998,False,80,50,15,0.8217947382570283,1239.59670934
0.39917132,515.3885,False,80,50,15,0.8217947382570283,1239.59670934
0.21272193,146.57639,True,80,50,15,0.8217947382570283,1239.59670934
0.64058787,294.9509,False,80,50,15,0.8217947382570283,1239.59670934
0.34486848,166.57213,True,80,50,15,0.8217947382570283,1239.59670934
0.30043212,598.8663,False,80,50,15,0.8217947382570283,1239.59670934
0.82179475,787.7458,False,80,50,15,0.8217947382570283,1239.59670934
0.51293457,238.67111,False,80,50,15,0.8217947382570283,1239.59670934
0.6851752,317.8945,False,80,50,15,0.8217947382570283,1239.59670934
0.61718667,439.29996,False,80,50,15,0.8217947382570283,1239.59670934
0.54753757,246.23964,False,80,50,15,0.8217947382570283,1239.59670934
0.7289487,352.70612,False,80,50,15,0.8217947382570283,1239.59670934
0.7061773,334.8655,False,80,50,15,0.8217947382570283,1239.59670934
0.5601552,247.77533,False,80,50,15,0.8217947382570283,1239.59670934
0.7918282,482.85553,False,80,50,15,0.8217947382570283,1239.59670934
0.5018732,649.3249,False,80,50,15,0.8217947382570283,1239.59670934
0.7405748,351.4174,False,80,50,15,0.8217947382570283,1239.59670934
0.66459674,261.87524,True,80,50,15,0.8217947382570283,1239.59670934
0.7926421,401.72714,False,80,50,15,0.8217947382570283,1239.59670934
0.68033254,279.31644,False,80,50,15,0.8217947382570283,1239.59670934
0.45042673,483.60565,False,80,50,15,0.8217947382570283,1239.59670934
0.64621246,815.0555,False,80,50,15,0.8217947382570283,1239.59670934
0.6034678,917.3682,False,80,50,15,0.8217947382570283,1239.59670934
0.06593769,247.28806,False,80,50,15,0.8217947382570283,1239.59670934
0.0,162.66727,False,80,50,15,0.8217947382570283,1239.59670934
0.7349115,677.90704,False,80,50,15,0.8217947382570283,1239.59670934
0.7821351,382.6047,False,80,50,15,0.8217947382570283,1239.59670934
0.74178964,740.755,False,80,50,15,0.8217947382570283,1239.59670934
0.0,170.17181,False,80,50,15,0.8217947382570283,1239.59670934
0.17588688,392.76495,False,80,50,15,0.8217947382570283,1239.59670934
0.72509164,349.2836,False,80,50,15,0.8217947382570283,1239.59670934
0.5536313,764.6733,False,80,50,15,0.8217947382570283,1239.59670934
0.82179475,723.5848,False,80,50,15,0.8217947382570283,1239.59670934
0.7560296,337.54083,False,80,50,15,0.8217947382570283,1239.59670934
0.73445064,293.55405,False,80,50,15,0.8217947382570283,1239.59670934
0.7864121,370.5363,False,80,50,15,0.8217947382570283,1239.59670934
0.13756241,475.43124,False,80,50,15,0.8217947382570283,1239.59670934
0.0,129.50848,False,80,50,15,0.8217947382570283,1239.59670934
0.7542853,272.70282,True,80,50,15,0.8217947382570283,1239.59670934
0.0,216.34398,False,80,50,15,0.8217947382570283,1239.59670934
0.4350208,642.652,False,80,50,15,0.8217947382570283,1239.59670934
0.0,251.33685,False,80,50,15,0.8217947382570283,1239.59670934
0.30636007,379.6416,False,80,50,15,0.8217947382570283,1239.59670934
0.51703405,602.22845,False,80,50,15,0.8217947382570283,1239.59670934
0.5807259,534.5944,False,80,50,15,0.8217947382570283,1239.59670934
0.0,253.43602,False,80,50,15,0.8217947382570283,1239.59670934
0.0,174.19664,False,80,50,15,0.8217947382570283,1239.59670934
0.6204316,285.92896,False,80,50,15,0.8217947382570283,1239.59670934
0.7363407,364.0412,False,80,50,15,0.8217947382570283,1239.59670934
0.0,222.02689,False,80,50,15,0.8217947382570283,1239.59670934
0.2900887,542.8475,False,80,50,15,0.8217947382570283,1239.59670934
0.65515363,305.67798,False,80,50,15,0.8217947382570283,1239.59670934
0.81671727,548.454,False,80,50,15,0.8217947382570283,1239.59670934
6.091859e-16,185.92838,False,80,50,15,0.8217947382570283,1239.59670934
0.5975085,268.3295,False,80,50,15,0.8217947382570283,1239.59670934
4.663381e-16,223.0543,False,80,50,15,0.8217947382570283,1239.59670934
0.0,171.2003,False,80,50,15,0.8217947382570283,1239.59670934
0.2075023,422.30832,False,80,50,15,0.8217947382570283,1239.59670934
0.0,339.63815,False,80,50,15,0.8217947382570283,1239.59670934
0.0,205.97987,False,80,50,15,0.8217947382570283,1239.59670934
0.6401639,299.19678,False,80,50,15,0.8217947382570283,1239.59670934
0.6366162,292.3562,False,80,50,15,0.8217947382570283,1239.59670934
0.0,7.764724,False,80,50,15,0.8217947382570283,1239.59670934
0.6637108,239.07596,True,80,50,15,0.8217947382570283,1239.59670934
0.095493145,327.68082,False,80,50,15,0.8217947382570283,1239.59670934
0.75713897,387.85028,False,80,50,15,0.8217947382570283,1239.59670934
0.7763543,414.47656,False,80,50,15,0.8217947382570283,1239.59670934
0.29676816,537.2968,False,80,50,15,0.8217947382570283,1239.59670934
0.68810755,291.30234,False,80,50,15,0.8217947382570283,1239.59670934
0.6735611,272.45004,False,80,50,15,0.8217947382570283,1239.59670934
0.06685168,392.5065,False,80,50,15,0.8217947382570283,1239.59670934
0.5628045,180.50325,True,80,50,15,0.8217947382570283,1239.59670934
0.82179475,1160.9193,False,80,50,15,0.8217947382570283,1239.59670934
0.21051309,209.79045,False,80,50,15,0.8217947382570283,1239.59670934
0.06722573,297.89743,False,80,50,15,0.8217947382570283,1239.59670934
0.7017198,838.6959,False,80,50,15,0.8217947382570283,1239.59670934
0.7155775,327.82312,False,80,50,15,0.8217947382570283,1239.59670934
0.68036634,302.05667,False,80,50,15,0.8217947382570283,1239.59670934
0.7080985,318.4124,False,80,50,15,0.8217947382570283,1239.59670934
0.81660825,1513.3585,False,80,50,15,0.8217947382570283,1239.59670934
0.7054886,288.62442,False,80,50,15,0.8217947382570283,1239.59670934
0.7005521,296.6029,False,80,50,15,0.8217947382570283,1239.59670934
0.6872432,264.66702,True,80,50,15,0.8217947382570283,1239.59670934
0.68620944,429.60657,False,80,50,15,0.8217947382570283,1239.59670934
0.73905736,358.60992,False,80,50,15,0.8217947382570283,1239.59670934
5.4276253e-15,137.39392,False,80,50,15,0.8217947382570283,1239.59670934
0.6596829,227.0372,True,80,50,15,0.8217947382570283,1239.59670934
0.121501766,392.1139,False,80,50,15,0.8217947382570283,1239.59670934
0.40554193,469.9997,False,80,50,15,0.8217947382570283,1239.59670934
0.56965405,804.0187,False,80,50,15,0.8217947382570283,1239.59670934
0.46291527,507.29593,False,80,50,15,0.8217947382570283,1239.59670934
0.0,7.764724,False,80,50,15,0.8217947382570283,1239.59670934
0.82179475,878.639,False,80,50,15,0.8217947382570283,1239.59670934
0.0,80.11674,False,80,50,15,0.8217947382570283,1239.59670934
0.79105514,446.0016,False,80,50,15,0.8217947382570283,1239.59670934
0.75714207,357.59186,False,80,50,15,0.8217947382570283,1239.59670934
0.4168458,1090.819,False,80,50,15,0.8217947382570283,1239.59670934
0.2542363,351.65057,False,80,50,15,0.8217947382570283,1239.59670934
0.7627803,314.05875,True,80,50,15,0.8217947382570283,1239.59670934
0.6473043,961.0988,False,80,50,15,0.8217947382570283,1239.59670934
0.2916848,483.02176,False,80,50,15,0.8217947382570283,1239.59670934
0.5028145,719.10345,False,80,50,15,0.8217947382570283,1239.59670934
0.40893474,693.79663,False,80,50,15,0.8217947382570283,1239.59670934
0.21608944,439.4254,False,80,50,15,0.8217947382570283,1239.59670934
9.480922e-16,105.176865,False,80,50,15,0.8217947382570283,1239.59670934
1.1975038e-15,106.648834,False,80,50,15,0.8217947382570283,1239.59670934
0.54002565,435.34323,False,80,50,15,0.8217947382570283,1239.59670934
0.7615656,359.24237,False,80,50,15,0.8217947382570283,1239.59670934
0.7878933,436.14313,False,80,50,15,0.8217947382570283,1239.59670934
3.6134146e-15,166.26913,False,80,50,15,0.8217947382570283,1239.59670934
0.74100304,328.41568,False,80,50,15,0.8217947382570283,1239.59670934
0.7085713,1162.3633,False,80,50,15,0.8217947382570283,1239.59670934
0.7718482,389.2559,False,80,50,15,0.8217947382570283,1239.59670934
0.75726867,346.33316,False,80,50,15,0.8217947382570283,1239.59670934
0.24820189,395.20764,False,80,50,15,0.8217947382570283,1239.59670934
5.4239344e-17,7.764724,False,80,50,15,0.8217947382570283,1239.59670934
0.12810534,307.7599,False,80,50,15,0.8217947382570283,1239.59670934
0.42104468,512.3437,False,80,50,15,0.8217947382570283,1239.59670934
0.40840495,498.31644,False,80,50,15,0.8217947382570283,1239.59670934
0.5616841,889.214,False,80,50,15,0.8217947382570283,1239.59670934
0.0029179272,138.98972,True,80,50,15,0.8217947382570283,1239.59670934
0.63019234,913.22,False,80,50,15,0.8217947382570283,1239.59670934
