growth_rate,cost,growth_cost,n_batch,n_start,n_candidates
0.25508404,1257.3295,0.00020287764,80,50,15
0.11920618,1702.5094,7.001793e-05,80,50,15
0.44935706,1757.1671,0.00025572814,80,50,15
0.35349336,1162.9912,0.00030395188,80,50,15
0.16386661,479.81674,0.00034151916,80,50,15
0.26669613,1342.6542,0.00019863353,80,50,15
0.18836859,1119.5045,0.00016826068,80,50,15
0.4083605,822.13245,0.0004967089,80,50,15
0.11377289,702.0639,0.0001620549,80,50,15
0.3072369,1012.29407,0.0003035056,80,50,15
0.37811312,856.12976,0.00044165397,80,50,15
0.14386381,1431.9232,0.00010046894,80,50,15
0.52850705,927.8918,0.0005695783,80,50,15
0.14968991,794.97577,0.00018829494,80,50,15
0.13751142,641.0394,0.0002145132,80,50,15
0.1802211,648.47345,0.0002779159,80,50,15
0.35862267,1255.1405,0.00028572313,80,50,15
0.075695604,526.22614,0.00014384615,80,50,15
0.25301754,1236.941,0.00020455102,80,50,15
0.092703715,1262.4751,7.3430136e-05,80,50,15
0.045453783,1560.6255,2.9125362e-05,80,50,15
0.063359424,1129.4175,5.6099205e-05,80,50,15
0.3236601,1593.3579,0.00020313082,80,50,15
0.05230864,1890.0028,2.767649e-05,80,50,15
0.08119476,1580.1373,5.138462e-05,80,50,15
0.14371021,1103.6986,0.00013020785,80,50,15
0.13701507,676.3668,0.0002025751,80,50,15
0.416768,1097.535,0.00037973095,80,50,15
0.11048463,788.51105,0.00014011805,80,50,15
0.3493992,1138.4742,0.0003069013,80,50,15
0.5409122,1128.3743,0.00047937303,80,50,15
0.27027917,1369.2003,0.00019739929,80,50,15
0.003778548,1378.2711,2.7415128e-06,80,50,15
0.0883691,680.55334,0.0001298489,80,50,15
0.17167899,1093.8927,0.00015694318,80,50,15
0.3018393,813.48157,0.00037104625,80,50,15
0.21927996,1231.1238,0.00017811365,80,50,15
0.19375752,1578.9159,0.00012271554,80,50,15
0.05023692,1132.5186,4.4358585e-05,80,50,15
0.0023371151,1093.1893,2.137887e-06,80,50,15
0.3998152,1029.6436,0.00038830447,80,50,15
0.685098,1707.6456,0.00040119447,80,50,15
0.14508434,1479.1118,9.808882e-05,80,50,15
0.4416659,1145.4989,0.0003855664,80,50,15
0.02511801,1241.4128,2.0233407e-05,80,50,15
0.21699466,1058.4325,0.00020501511,80,50,15
0.22532335,1685.7692,0.00013366205,80,50,15
0.08819587,974.2262,9.0529145e-05,80,50,15
0.13313295,1452.3407,9.166785e-05,80,50,15
0.70645297,1531.7358,0.0004612107,80,50,15
6.0544214e-14,229.9306,2.6331517e-16,80,50,15
7.5316537e-14,105.866974,7.114262e-16,80,50,15
0.23605661,1400.2377,0.00016858324,80,50,15
0.49653584,634.8961,0.0007820741,80,50,15
0.6251452,642.8183,0.0009725068,80,50,15
1.3556394e-13,98.4805,1.3765561e-15,80,50,15
7.2882774e-14,125.68667,5.7987674e-16,80,50,15
0.25488183,594.4544,0.00042876598,80,50,15
0.59921885,1719.8293,0.0003484176,80,50,15
0.7322402,1684.9446,0.00043457822,80,50,15
0.81497455,1145.0642,0.00071172824,80,50,15
0.44202867,817.66046,0.00054060173,80,50,15
1.6581433e-13,155.6651,1.0651991e-15,80,50,15
4.2921125e-17,187.23451,2.2923726e-19,80,50,15
4.61537e-15,1810.2284,2.5496064e-18,80,50,15
0.0,676.393,0.0,80,50,15
2.2379764e-14,195.07182,1.1472577e-16,80,50,15
3.834072e-14,91.689445,4.181585e-16,80,50,15
8.206656e-30,406.14658,2.0206144e-32,80,50,15
0.21456274,508.2924,0.00042212463,80,50,15
0.0,150.3325,0.0,80,50,15
2.8064299e-14,347.38385,8.0787574e-17,80,50,15
0.0,230.9495,0.0,80,50,15
0.0,281.58292,0.0,80,50,15
0.0,194.67331,0.0,80,50,15
1.7343e-14,141.99664,1.2213668e-16,80,50,15
0.5585585,820.1962,0.00068100594,80,50,15
0.0,121.13697,0.0,80,50,15
0.0,341.21625,0.0,80,50,15
0.06730634,614.50195,0.0001095299,80,50,15
0.0,208.35628,0.0,80,50,15
0.0,671.26575,0.0,80,50,15
0.0,404.4334,0.0,80,50,15
0.0,989.99945,0.0,80,50,15
6.0649067e-15,109.719315,5.5276563e-17,80,50,15
0.0,274.37262,0.0,80,50,15
0.500001,884.7588,0.00056512695,80,50,15
0.0,613.3272,0.0,80,50,15
0.0,225.40347,0.0,80,50,15
0.0,377.06616,0.0,80,50,15
0.70900947,1052.8094,0.0006734452,80,50,15
0.35693157,967.1743,0.00036904574,80,50,15
0.0,1165.4435,0.0,80,50,15
3.3678306e-13,121.29256,2.7766178e-15,80,50,15
3.7139224e-29,952.7806,3.8979828e-32,80,50,15
0.0,221.99448,0.0,80,50,15
0.0,251.13948,0.0,80,50,15
7.136272e-15,311.0588,2.2941874e-17,80,50,15
0.0,7.764724,0.0,80,50,15
1.4551662e-15,7.764724,1.8740734e-16,80,50,15
2.1854485e-14,494.74377,4.417334e-17,80,50,15
0.6601538,1292.8751,0.0005106091,80,50,15
0.6850119,1653.7892,0.00041420752,80,50,15
0.58493483,1480.4312,0.00039511113,80,50,15
0.086299315,436.05582,0.00019790887,80,50,15
0.21684344,329.14148,0.0006588153,80,50,15
0.108767346,901.7833,0.000120613615,80,50,15
0.640539,1142.3358,0.0005607274,80,50,15
0.21695709,351.88168,0.0006165626,80,50,15
0.17702955,237.19019,0.0007463612,80,50,15
5.0935035e-14,417.50842,1.2199763e-16,80,50,15
0.0,329.8161,0.0,80,50,15
0.0,251.68433,0.0,80,50,15
0.6839117,706.7143,0.0009677343,80,50,15
0.0,7.764724,0.0,80,50,15
0.8010574,1329.8677,0.0006023587,80,50,15
8.120045e-14,391.11304,2.0761376e-16,80,50,15
0.0,175.77208,0.0,80,50,15
0.0,468.55798,0.0,80,50,15
0.0,508.14047,0.0,80,50,15
0.0,445.61862,0.0,80,50,15
0.0,295.81003,0.0,80,50,15
0.0,348.39124,0.0,80,50,15
0.0,115.49589,0.0,80,50,15
0.0,221.5303,0.0,80,50,15
2.5923784e-29,652.8816,3.9706718e-32,80,50,15
0.0,139.21548,0.0,80,50,15
3.7788496e-16,7.764724,4.866689e-17,80,50,15
0.0,542.4271,0.0,80,50,15
0.6089371,642.1649,0.0009482565,80,50,15
0.76175576,787.34357,0.0009675011,80,50,15
0.0,394.53455,0.0,80,50,15
0.0,224.39201,0.0,80,50,15
0.30106968,267.19214,0.0011267909,80,50,15
0.47445405,859.54474,0.00055198296,80,50,15
2.8647321e-15,225.21677,1.2719888e-17,80,50,15
0.0,463.2962,0.0,80,50,15
0.48896086,919.04425,0.00053203193,80,50,15
0.2979229,319.72824,0.0009318004,80,50,15
1.2022763e-13,114.39523,1.0509846e-15,80,50,15
0.0,483.92654,0.0,80,50,15
1.712173e-29,195.495,8.7581423e-32,80,50,15
1.9865781e-17,538.14777,3.6915106e-20,80,50,15
0.0,480.0988,0.0,80,50,15
0.0,110.51754,0.0,80,50,15
0.0,391.0966,0.0,80,50,15
0.20095132,678.6529,0.00029610324,80,50,15
5.8225406e-29,636.84125,9.1428446e-32,80,50,15
2.0531162e-14,266.08163,7.716114e-17,80,50,15
0.0,458.2169,0.0,80,50,15
0.44462186,560.71594,0.0007929538,80,50,15
0.0,312.1265,0.0,80,50,15
7.9020525e-15,314.26782,2.5144325e-17,80,50,15
2.1144755e-17,313.49588,6.744827e-20,80,50,15
0.0,336.35757,0.0,80,50,15
0.0,373.51553,0.0,80,50,15
0.0,220.7452,0.0,80,50,15
0.0,88.21645,0.0,80,50,15
0.0,137.80609,0.0,80,50,15
0.13363042,372.45938,0.00035877852,80,50,15
0.0,500.29614,0.0,80,50,15
2.9637468e-16,208.47998,1.4215978e-18,80,50,15
0.42561847,570.2353,0.00074639096,80,50,15
0.0,216.1416,0.0,80,50,15
1.5842804e-15,530.68115,2.9853716e-18,80,50,15
0.12507479,568.8216,0.00021988404,80,50,15
3.532161e-16,298.54523,1.1831243e-18,80,50,15
0.14739656,308.90674,0.00047715555,80,50,15
0.20886764,675.4928,0.0003092078,80,50,15
4.5814496e-15,583.9172,7.84606e-18,80,50,15
0.6344179,677.84985,0.00093592686,80,50,15
0.685005,718.7295,0.00095307763,80,50,15
0.592178,652.3088,0.0009078185,80,50,15
0.44194964,443.71252,0.0009960269,80,50,15
0.0,355.25314,0.0,80,50,15
0.68703383,736.24994,0.000933153,80,50,15
0.0,444.20062,0.0,80,50,15
0.0,606.5914,0.0,80,50,15
4.0057166e-15,78.092094,5.1294777e-17,80,50,15
2.3244294e-13,249.8419,9.303601e-16,80,50,15
0.0,316.69647,0.0,80,50,15
3.645869e-14,377.00772,9.670542e-17,80,50,15
0.0,508.87405,0.0,80,50,15
0.7265948,760.94604,0.0009548572,80,50,15
0.0,269.53757,0.0,80,50,15
0.0,79.31107,0.0,80,50,15
0.0,58.442837,0.0,80,50,15
0.0,758.8165,0.0,80,50,15
0.0,306.65646,0.0,80,50,15
0.11153845,406.3926,0.00027445983,80,50,15
0.0,1247.8312,0.0,80,50,15
2.1756124e-14,419.19635,5.1899605e-17,80,50,15
0.0,203.54166,0.0,80,50,15
0.0,54.01429,0.0,80,50,15
1.2343229e-15,226.78992,5.442583e-18,80,50,15
0.0,153.34918,0.0,80,50,15
7.745881e-15,192.98097,4.0138056e-17,80,50,15
5.9688167e-16,713.47723,8.3658126e-19,80,50,15
0.6475262,577.515,0.0011212283,80,50,15
4.944243e-15,370.2842,1.3352563e-17,80,50,15
0.0,148.36172,0.0,80,50,15
0.0,225.76335,0.0,80,50,15
0.01811923,613.2707,2.9545241e-05,80,50,15
0.22871128,798.73,0.00028634368,80,50,15
0.22476429,550.84644,0.0004080344,80,50,15
0.0,341.22372,0.0,80,50,15
0.37229773,778.42,0.0004782736,80,50,15
0.4744883,543.3907,0.00087319914,80,50,15
0.3077081,777.34705,0.00039584393,80,50,15
0.17124453,726.3559,0.00023575845,80,50,15
0.0,11.158243,0.0,80,50,15
0.15159006,501.16653,0.00030247442,80,50,15
0.44727662,331.13483,0.0013507387,80,50,15
0.21397223,570.63574,0.00037497166,80,50,15
0.24371685,406.90228,0.0005989567,80,50,15
0.0,330.4313,0.0,80,50,15
2.588801e-29,113.20857,2.2867536e-31,80,50,15
1.4004399e-14,195.56363,7.161045e-17,80,50,15
0.18114257,557.2226,0.00032508117,80,50,15
7.519303e-14,46.437874,1.6192178e-15,80,50,15
0.65665925,720.27386,0.00091167993,80,50,15
0.0,152.50098,0.0,80,50,15
0.61117566,572.5536,0.0010674559,80,50,15
0.0,57.30421,0.0,80,50,15
0.032425765,352.63702,9.195224e-05,80,50,15
0.23697762,261.45248,0.00090638886,80,50,15
0.19236884,786.1173,0.00024470754,80,50,15
0.0,142.65265,0.0,80,50,15
0.27257866,693.17993,0.0003932293,80,50,15
1.4371899e-30,487.8505,2.9459637e-33,80,50,15
0.81750304,1037.7977,0.0007877287,80,50,15
6.2098886e-14,104.32801,5.9522736e-16,80,50,15
0.82179475,1111.778,0.00073917164,80,50,15
2.609143e-13,281.0631,9.283122e-16,80,50,15
0.0,216.9433,0.0,80,50,15
0.0,537.04144,0.0,80,50,15
0.0,621.54474,0.0,80,50,15
0.0,1034.6108,0.0,80,50,15
0.51776606,381.29428,0.0013579172,80,50,15
1.497336e-14,353.14758,4.2399726e-17,80,50,15
0.0,416.79312,0.0,80,50,15
0.0,82.23052,0.0,80,50,15
1.7516377e-13,181.74792,9.637731e-16,80,50,15
2.2050753e-13,362.9733,6.0750346e-16,80,50,15
0.0,552.11304,0.0,80,50,15
3.442885e-14,377.25266,9.126205e-17,80,50,15
0.0,205.16014,0.0,80,50,15
0.0,133.75476,0.0,80,50,15
0.0,581.7242,0.0,80,50,15
0.0,397.57596,0.0,80,50,15
0.0,32.933342,0.0,80,50,15
6.89652e-30,700.28156,9.84821e-33,80,50,15
0.2974571,247.86716,0.0012000666,80,50,15
0.028973073,420.79688,6.885287e-05,80,50,15
0.0,350.17813,0.0,80,50,15
0.0,304.52353,0.0,80,50,15
7.2199454e-17,973.2404,7.41846e-20,80,50,15
2.0021443e-14,543.14154,3.6862295e-17,80,50,15
0.19297208,386.09143,0.0004998093,80,50,15
0.6227696,729.2943,0.0008539345,80,50,15
0.6777994,807.5982,0.000839278,80,50,15
0.0,333.77197,0.0,80,50,15
2.3051727e-14,570.595,4.0399458e-17,80,50,15
1.7790673e-14,278.10345,6.397142e-17,80,50,15
2.480541e-14,407.09518,6.0932705e-17,80,50,15
0.0,637.3659,0.0,80,50,15
2.6559096e-14,233.40982,1.137874e-16,80,50,15
0.0,180.75368,0.0,80,50,15
1.5547695e-14,512.51324,3.033618e-17,80,50,15
0.55893636,694.1275,0.0008052359,80,50,15
0.6961733,829.6309,0.0008391362,80,50,15
1.7417612e-13,178.07596,9.781001e-16,80,50,15
0.6105259,697.01587,0.00087591395,80,50,15
0.6863688,738.8254,0.0009290001,80,50,15
4.658455e-13,544.45654,8.556156e-16,80,50,15
7.639656e-15,28.568218,2.6741802e-16,80,50,15
8.004696e-17,333.55212,2.3998337e-19,80,50,15
8.004696e-17,249.46278,3.2087737e-19,80,50,15
1.4311895e-15,86.26089,1.6591408e-17,80,50,15
0.07674444,467.45984,0.00016417333,80,50,15
0.19173288,342.86395,0.0005592098,80,50,15
0.0,430.60245,0.0,80,50,15
0.060300916,444.6295,0.00013562059,80,50,15
0.25424778,825.41473,0.0003080243,80,50,15
0.6896568,546.66797,0.0012615643,80,50,15
0.12297629,383.46432,0.00032069813,80,50,15
0.12867217,674.4339,0.00019078545,80,50,15
0.10501166,719.193,0.00014601318,80,50,15
0.50702393,872.3118,0.0005812416,80,50,15
0.0,137.18204,0.0,80,50,15
0.0,314.94586,0.0,80,50,15
0.0,198.63124,0.0,80,50,15
0.0,462.31384,0.0,80,50,15
0.6253199,458.18527,0.0013647752,80,50,15
0.0,433.44464,0.0,80,50,15
0.2823674,637.35376,0.0004430309,80,50,15
0.43445674,696.7926,0.0006235094,80,50,15
0.24538566,364.43723,0.00067332765,80,50,15
0.0,227.7175,0.0,80,50,15
0.74577683,743.7988,0.0010026593,80,50,15
0.57840544,581.7999,0.0009941655,80,50,15
3.7315044e-16,544.41046,6.8542114e-19,80,50,15
0.52956784,429.97363,0.0012316286,80,50,15
0.3693127,655.6471,0.0005632797,80,50,15
0.0,138.58043,0.0,80,50,15
0.6516367,634.45123,0.0010270872,80,50,15
0.7418034,790.2761,0.00093866355,80,50,15
0.60808873,530.54175,0.0011461657,80,50,15
0.5870814,487.6884,0.0012038043,80,50,15
0.6959725,706.353,0.000985304,80,50,15
0.7301967,847.27356,0.0008618193,80,50,15
4.170842e-16,275.85883,1.511948e-18,80,50,15
0.7057599,686.21375,0.0010284841,80,50,15
0.43530616,586.1895,0.0007426031,80,50,15
0.0,215.27846,0.0,80,50,15
0.0,322.4602,0.0,80,50,15
0.51258117,381.4225,0.0013438672,80,50,15
3.7848326e-30,205.45451,1.8421755e-32,80,50,15
0.74142456,784.7403,0.0009448025,80,50,15
0.5655759,468.60434,0.001206937,80,50,15
1.3533153e-30,354.84262,3.8138466e-33,80,50,15
0.0,255.25195,0.0,80,50,15
0.6170809,582.8034,0.0010588149,80,50,15
3.5424394e-15,314.40964,1.1266955e-17,80,50,15
0.60295326,507.51016,0.0011880614,80,50,15
0.0,321.0623,0.0,80,50,15
0.6598835,765.0759,0.0008625072,80,50,15
0.64013594,677.069,0.0009454516,80,50,15
0.0,7.764724,0.0,80,50,15
0.41550806,890.68,0.00046650655,80,50,15
0.73361677,656.6411,0.0011172263,80,50,15
0.67622143,800.73083,0.00084450527,80,50,15
1.2617885e-16,425.00476,2.9688807e-19,80,50,15
0.0,462.46664,0.0,80,50,15
0.0,293.03586,0.0,80,50,15
0.0,341.55573,0.0,80,50,15
0.0,85.297775,0.0,80,50,15
0.0,209.98038,0.0,80,50,15
0.027137546,319.5177,8.493284e-05,80,50,15
0.0,388.94077,0.0,80,50,15
0.0,562.6454,0.0,80,50,15
0.15570761,405.1459,0.00038432478,80,50,15
0.5577531,424.79065,0.001313007,80,50,15
0.4802353,440.27145,0.0010907709,80,50,15
0.09021492,540.4952,0.00016691162,80,50,15
0.056197375,456.7101,0.00012304824,80,50,15
0.23514491,530.3234,0.00044339907,80,50,15
0.3625159,519.7807,0.00069744006,80,50,15
0.15496469,380.40952,0.0004073628,80,50,15
0.014064597,539.83966,2.6053285e-05,80,50,15
0.0,582.1128,0.0,80,50,15
0.0,388.81662,0.0,80,50,15
0.0,260.0793,0.0,80,50,15
1.41857e-15,932.0364,1.5220114e-18,80,50,15
0.5428632,674.0359,0.0008053921,80,50,15
0.0,503.65756,0.0,80,50,15
0.0,482.31393,0.0,80,50,15
0.066377886,509.1765,0.00013036322,80,50,15
0.27542886,595.0775,0.00046284535,80,50,15
6.7633516e-16,99.32547,6.809282e-18,80,50,15
1.6307768e-15,326.61646,4.992941e-18,80,50,15
0.12858427,697.9866,0.00018422169,80,50,15
0.0,294.20828,0.0,80,50,15
0.0,341.26843,0.0,80,50,15
2.6090542e-16,882.73895,2.955635e-19,80,50,15
0.0,503.2169,0.0,80,50,15
0.0,335.51114,0.0,80,50,15
7.1693266e-16,26.80253,2.6748693e-17,80,50,15
0.23865776,367.07748,0.00065015635,80,50,15
0.0,326.64755,0.0,80,50,15
0.07689567,331.02902,0.00023229283,80,50,15
0.7286396,718.9355,0.0010134979,80,50,15
9.506765e-18,260.68423,3.646851e-20,80,50,15
0.7658485,638.6025,0.0011992571,80,50,15
0.0,430.26627,0.0,80,50,15
0.60854334,792.1376,0.00076822937,80,50,15
9.141676e-16,561.8735,1.626999e-18,80,50,15
0.42593247,369.7127,0.0011520634,80,50,15
0.004617763,564.17816,8.1849375e-06,80,50,15
0.42874604,487.98584,0.00087860343,80,50,15
7.793877e-15,26.384666,2.953942e-16,80,50,15
0.424216,450.61868,0.0009414079,80,50,15
0.68614435,748.2371,0.0009170146,80,50,15
0.5688453,493.28546,0.0011531767,80,50,15
9.3633116e-14,311.08655,3.0098736e-16,80,50,15
0.0,413.91522,0.0,80,50,15
0.639139,607.45685,0.0010521554,80,50,15
1.3406619e-15,450.53336,2.9757219e-18,80,50,15
0.0,366.05487,0.0,80,50,15
0.0,554.70966,0.0,80,50,15
0.05628044,239.08508,0.00023539922,80,50,15
0.2981304,450.71906,0.00066145504,80,50,15
4.813126e-16,283.8926,1.6954038e-18,80,50,15
0.0,437.5842,0.0,80,50,15
0.0,472.42023,0.0,80,50,15
0.0,7.764724,0.0,80,50,15
0.7553789,928.7418,0.0008133357,80,50,15
0.036567528,291.2373,0.00012555922,80,50,15
0.6428815,558.0629,0.0011519875,80,50,15
0.7144473,724.3032,0.0009863926,80,50,15
8.733097e-16,515.06464,1.6955342e-18,80,50,15
0.72943395,675.85474,0.0010792762,80,50,15
0.024012227,366.17004,6.557671e-05,80,50,15
0.6813124,605.01587,0.0011261066,80,50,15
0.0,473.5403,0.0,80,50,15
0.5346187,866.5684,0.00061693764,80,50,15
0.68322605,642.9333,0.0010626703,80,50,15
0.69472116,742.0567,0.00093621033,80,50,15
0.0,303.39023,0.0,80,50,15
0.37555978,884.50964,0.0004245966,80,50,15
4.2510763e-15,77.76611,5.4664893e-17,80,50,15
0.7604607,908.2841,0.0008372498,80,50,15
0.82179475,1518.6855,0.0005411224,80,50,15
0.02073438,348.73383,5.945618e-05,80,50,15
0.7197909,692.4075,0.0010395481,80,50,15
1.7087455e-16,189.74046,9.005699e-19,80,50,15
0.31957686,277.16666,0.0011530133,80,50,15
0.52502155,420.6596,0.0012480912,80,50,15
0.7310971,746.6914,0.0009791155,80,50,15
0.0,135.3064,0.0,80,50,15
0.0,661.84753,0.0,80,50,15
0.74109805,719.17535,0.001030483,80,50,15
0.0,662.55286,0.0,80,50,15
0.0,497.807,0.0,80,50,15
0.7429683,800.2811,0.00092838414,80,50,15
8.878648e-14,295.26712,3.0069884e-16,80,50,15
0.0,275.77408,0.0,80,50,15
0.0,402.24664,0.0,80,50,15
5.424763e-31,260.1084,2.0855779e-33,80,50,15
7.563607e-15,535.1832,1.4132743e-17,80,50,15
0.024407662,552.1886,4.420168e-05,80,50,15
0.0,364.99304,0.0,80,50,15
0.0,424.30167,0.0,80,50,15
0.7209233,913.65356,0.0007890554,80,50,15
0.7276465,1023.887,0.0007106707,80,50,15
0.69437206,694.781,0.0009994115,80,50,15
1.7996731e-14,611.72076,2.9419846e-17,80,50,15
0.6976306,777.3379,0.0008974612,80,50,15
0.7129823,823.0059,0.0008663149,80,50,15
0.0,235.46568,0.0,80,50,15
0.6466484,652.69904,0.0009907298,80,50,15
0.5035337,434.9083,0.0011577929,80,50,15
0.7028396,800.2088,0.00087832025,80,50,15
0.4179914,315.01782,0.0013268817,80,50,15
0.55416656,501.78128,0.0011043986,80,50,15
0.71404415,771.9684,0.00092496554,80,50,15
0.70469964,815.3411,0.00086430035,80,50,15
0.5356528,473.30807,0.0011317213,80,50,15
8.268021e-17,319.34433,2.5890614e-19,80,50,15
0.63933295,623.7671,0.0010249546,80,50,15
0.6814854,726.34314,0.00093824166,80,50,15
0.7109529,832.00415,0.0008545064,80,50,15
0.74123645,947.5339,0.00078227965,80,50,15
0.7247205,871.4449,0.0008316309,80,50,15
0.45685923,358.73236,0.0012735379,80,50,15
0.75775445,730.63586,0.0010371164,80,50,15
0.78450096,1512.6176,0.000518638,80,50,15
0.53702915,316.72757,0.0016955554,80,50,15
0.0,247.45667,0.0,80,50,15
0.6173208,359.55234,0.0017169149,80,50,15
0.0,13.837473,0.0,80,50,15
0.082370676,197.27554,0.00041754125,80,50,15
0.6500572,420.45035,0.0015460975,80,50,15
3.34753e-16,85.36418,3.9214693e-18,80,50,15
0.0,179.0786,0.0,80,50,15
0.0,153.82825,0.0,80,50,15
0.69366294,493.73492,0.0014049299,80,50,15
0.0,339.3852,0.0,80,50,15
0.55331457,518.7931,0.0010665419,80,50,15
0.7625314,756.69836,0.0010077085,80,50,15
0.64060664,398.5991,0.0016071453,80,50,15
6.772612e-17,320.0536,2.1160869e-19,80,50,15
0.79587,862.25824,0.00092300656,80,50,15
2.0655108e-15,341.8815,6.0415986e-18,80,50,15
0.73395133,566.39087,0.001295839,80,50,15
0.8081088,720.4698,0.0011216415,80,50,15
0.6876555,465.35233,0.0014777094,80,50,15
0.78545576,614.4462,0.0012783149,80,50,15
0.82179475,738.328,0.0011130483,80,50,15
0.7223583,430.49866,0.0016779571,80,50,15
0.30281428,509.22955,0.0005946518,80,50,15
0.80699754,562.81915,0.0014338488,80,50,15
0.0,279.1658,0.0,80,50,15
0.0,508.9318,0.0,80,50,15
0.17880148,601.55396,0.00029723265,80,50,15
1.025111e-15,7.764724,1.3202157e-16,80,50,15
0.6753715,527.0251,0.0012814789,80,50,15
0.6914982,549.8823,0.0012575386,80,50,15
0.6331525,445.76245,0.0014203809,80,50,15
0.61456466,417.93076,0.001470494,80,50,15
0.33844027,391.8516,0.000863695,80,50,15
0.58966273,369.04962,0.0015977871,80,50,15
0.51426613,276.9875,0.0018566403,80,50,15
0.6937882,583.4509,0.0011891114,80,50,15
0.55943245,336.9491,0.0016602877,80,50,15
0.64921606,480.39655,0.001351417,80,50,15
0.5769555,348.4529,0.0016557631,80,50,15
4.4454407e-16,220.31294,2.0177847e-18,80,50,15
0.6407905,497.809,0.0012872217,80,50,15
0.5939512,410.1005,0.0014483065,80,50,15
2.480628e-16,206.8428,1.1992818e-18,80,50,15
0.6893341,512.0195,0.0013463044,80,50,15
0.7270313,579.61426,0.0012543364,80,50,15
0.7467307,624.3613,0.0011959913,80,50,15
0.61768776,377.49835,0.0016362661,80,50,15
2.0329748e-16,17.56901,1.15713676e-17,80,50,15
0.68070126,484.59113,0.001404692,80,50,15
0.6307872,364.93472,0.0017284933,80,50,15
6.658768e-16,258.52725,2.5756541e-18,80,50,15
0.69270575,477.5046,0.0014506787,80,50,15
0.0,346.93362,0.0,80,50,15
0.41889983,791.51886,0.00052923546,80,50,15
5.2630657e-16,222.65451,2.3637813e-18,80,50,15
0.0,140.85828,0.0,80,50,15
0.0,358.98727,0.0,80,50,15
0.7229516,714.8202,0.0010113755,80,50,15
3.6551153e-16,262.58795,1.3919584e-18,80,50,15
0.0,79.8321,0.0,80,50,15
0.0,198.37523,0.0,80,50,15
0.0,200.73491,0.0,80,50,15
0.69037044,527.51825,0.0013087138,80,50,15
0.0,127.61731,0.0,80,50,15
5.7135794e-15,323.7829,1.7646328e-17,80,50,15
0.0,243.02293,0.0,80,50,15
0.62709874,399.42557,0.0015700015,80,50,15
0.67280036,494.48904,0.0013605971,80,50,15
3.657269e-14,104.67997,3.493762e-16,80,50,15
3.8775292e-15,237.00833,1.6360307e-17,80,50,15
0.7921213,1521.1921,0.00052072405,80,50,15
0.48108304,315.6463,0.0015241206,80,50,15
0.6818897,465.3623,0.0014652878,80,50,15
0.7243545,448.88367,0.0016136798,80,50,15
0.6687769,404.58557,0.0016529926,80,50,15
2.4789047e-13,9.139632,2.7122586e-14,80,50,15
0.703595,483.9884,0.0014537434,80,50,15
0.07099275,427.28735,0.00016614757,80,50,15
0.56612104,621.4881,0.0009109121,80,50,15
0.5527592,295.53326,0.0018703789,80,50,15
0.73324186,537.811,0.0013633821,80,50,15
0.40022245,655.6008,0.00061046664,80,50,15
2.7483368e-30,191.25314,1.4370152e-32,80,50,15
0.75004864,575.3545,0.0013036287,80,50,15
0.6191299,355.67624,0.001740712,80,50,15
0.15085623,275.22583,0.00054811797,80,50,15
0.6448529,380.5173,0.0016946743,80,50,15
0.6307407,310.07654,0.0020341452,80,50,15
0.67163205,410.1336,0.0016375933,80,50,15
2.5004698e-15,89.321075,2.7994174e-17,80,50,15
0.7075539,397.56683,0.0017797106,80,50,15
0.7032753,362.5873,0.0019396027,80,50,15
0.6614351,336.8924,0.0019633423,80,50,15
0.6860448,377.71573,0.0018162993,80,50,15
0.6763878,448.54276,0.0015079672,80,50,15
0.7354456,562.8131,0.0013067315,80,50,15
0.71595114,494.7517,0.0014470918,80,50,15
0.6507908,352.79657,0.001844663,80,50,15
0.7846937,681.73114,0.0011510311,80,50,15
0.73090655,575.2345,0.0012706236,80,50,15
0.68542844,481.96045,0.0014221674,80,50,15
0.624525,364.49585,0.0017133941,80,50,15
0.7680497,506.49,0.0015164164,80,50,15
0.7441329,369.38586,0.0020145136,80,50,15
0.56043154,751.5852,0.000745666,80,50,15
0.72952145,395.94553,0.0018424793,80,50,15
4.6643807e-16,255.88768,1.8228234e-18,80,50,15
0.0,197.83374,0.0,80,50,15
0.0,347.96533,0.0,80,50,15
0.0,180.17839,0.0,80,50,15
0.0,20.203093,0.0,80,50,15
0.4312772,351.995,0.0012252367,80,50,15
0.7930583,1433.7194,0.0005531475,80,50,15
0.0,310.269,0.0,80,50,15
0.77139753,581.9066,0.001325638,80,50,15
0.08187624,266.23972,0.00030752827,80,50,15
0.798164,1609.8286,0.0004958068,80,50,15
0.7175065,784.97,0.000914056,80,50,15
6.094543e-14,7.764724,7.849015e-15,80,50,15
0.6572613,367.46014,0.0017886602,80,50,15
0.76458764,914.71063,0.00083587924,80,50,15
1.0965345e-15,152.3941,7.195387e-18,80,50,15
0.70746154,574.4551,0.001231535,80,50,15
0.7366782,868.616,0.0008481057,80,50,15
0.69269806,440.13608,0.001573827,80,50,15
0.7506011,567.17773,0.0013233967,80,50,15
0.7079735,479.84274,0.0014754281,80,50,15
0.16210115,331.89832,0.00048840605,80,50,15
0.0,333.8327,0.0,80,50,15
0.7147777,704.4504,0.0010146601,80,50,15
0.76684046,579.00366,0.0013244138,80,50,15
0.6102166,829.7661,0.000735408,80,50,15
2.1941692e-15,7.764724,2.8258173e-16,80,50,15
0.0,239.53658,0.0,80,50,15
0.0,319.85315,0.0,80,50,15
0.0,207.78165,0.0,80,50,15
0.65310615,456.73065,0.0014299591,80,50,15
6.3766144e-16,217.88875,2.926546e-18,80,50,15
0.5589381,336.40335,0.0016615116,80,50,15
0.13534547,722.451,0.00018734208,80,50,15
9.9223114e-17,425.54318,2.3316815e-19,80,50,15
0.0,391.7732,0.0,80,50,15
0.55359024,827.2212,0.0006692167,80,50,15
0.0,286.6681,0.0,80,50,15
0.0,312.8909,0.0,80,50,15
0.0,380.11517,0.0,80,50,15
0.0,250.96097,0.0,80,50,15
0.0,14.964008,0.0,80,50,15
1.8704313e-16,326.68585,5.725474e-19,80,50,15
0.0,269.21548,0.0,80,50,15
0.68532705,345.04086,0.00198622,80,50,15
0.72035664,425.05826,0.0016947245,80,50,15
0.0,399.69034,0.0,80,50,15
0.8146298,835.6872,0.0009748023,80,50,15
0.6275483,333.4369,0.0018820601,80,50,15
0.36648354,374.8826,0.0009775955,80,50,15
0.79387206,669.6823,0.0011854458,80,50,15
0.7328927,445.03424,0.0016468231,80,50,15
0.0,375.8243,0.0,80,50,15
6.801205e-16,68.54232,9.922636e-18,80,50,15
0.7596346,467.4332,0.0016251191,80,50,15
0.45527798,664.48627,0.00068515784,80,50,15
0.8082802,639.6668,0.0012635957,80,50,15
2.4367436e-16,334.47607,7.285255e-19,80,50,15
0.8095614,1472.3253,0.00054985227,80,50,15
4.751984e-30,283.23242,1.6777684e-32,80,50,15
0.6679611,430.97186,0.0015498949,80,50,15
0.0,353.248,0.0,80,50,15
5.934248e-31,318.7949,1.8614627e-33,80,50,15
0.50021,480.22943,0.0010416063,80,50,15
0.82179475,780.19147,0.0010533244,80,50,15
1.5982988e-15,7.764724,2.0584104e-16,80,50,15
0.43868458,295.85934,0.0014827471,80,50,15
1.3195029e-16,364.33636,3.6216612e-19,80,50,15
0.45577174,691.52374,0.0006590833,80,50,15
0.0,169.96053,0.0,80,50,15
0.64687014,389.0461,0.0016627081,80,50,15
0.0,14.013443,0.0,80,50,15
0.79080516,496.84494,0.0015916538,80,50,15
0.3123424,371.04007,0.00084180234,80,50,15
0.0,452.21622,0.0,80,50,15
0.0,222.36076,0.0,80,50,15
0.82179475,869.4339,0.0009452067,80,50,15
0.8097682,611.8712,0.0013234292,80,50,15
0.82142615,700.98804,0.001171812,80,50,15
0.0,263.2125,0.0,80,50,15
0.7984687,534.7478,0.0014931688,80,50,15
0.0,1199.2727,0.0,80,50,15
1.1649474e-29,247.62654,4.704453e-32,80,50,15
0.0,358.377,0.0,80,50,15
0.0,404.46906,0.0,80,50,15
0.6459804,434.7812,0.0014857599,80,50,15
0.6183609,327.29214,0.0018893239,80,50,15
0.71387875,571.8583,0.0012483491,80,50,15
0.68922484,512.6235,0.001344505,80,50,15
1.7168234e-16,184.90575,9.284857e-19,80,50,15
0.6332257,358.15894,0.0017680019,80,50,15
0.7516041,652.0563,0.0011526674,80,50,15
0.6648377,452.58356,0.0014689834,80,50,15
1.4449178e-15,21.72235,6.651757e-17,80,50,15
0.82179475,830.1215,0.0009899692,80,50,15
0.7310393,633.47815,0.0011540087,80,50,15
0.64125407,387.84064,0.0016533957,80,50,15
0.68837583,485.62137,0.0014175156,80,50,15
0.82179475,774.4896,0.0010610791,80,50,15
0.69251657,540.87756,0.0012803574,80,50,15
0.7266165,621.7932,0.0011685822,80,50,15
0.81370693,790.89496,0.0010288432,80,50,15
0.6642038,438.90604,0.0015133166,80,50,15
0.8060258,797.70996,0.0010104247,80,50,15
0.34283674,1468.2863,0.00023349449,80,50,15
0.45761865,481.34015,0.00095071783,80,50,15
0.6319424,370.56186,0.0017053627,80,50,15
0.72471076,629.85974,0.0011505907,80,50,15
0.69014096,515.3506,0.0013391679,80,50,15
0.27158484,518.65283,0.0005236351,80,50,15
0.7909841,810.64905,0.0009757417,80,50,15
0.7308706,655.24207,0.0011154207,80,50,15
5.0848857e-20,295.08347,1.7232025e-22,80,50,15
0.6995141,530.1836,0.0013193808,80,50,15
1.8429828e-15,424.3542,4.3430295e-18,80,50,15
0.0,232.32155,0.0,80,50,15
0.0,7.764724,0.0,80,50,15
0.6622488,437.99973,0.0015119845,80,50,15
0.0,302.94617,0.0,80,50,15
0.6740764,464.9983,0.001449632,80,50,15
0.81714624,1501.3899,0.00054425985,80,50,15
0.6325193,380.46893,0.001662473,80,50,15
0.6475356,369.68735,0.0017515763,80,50,15
0.3477239,493.3888,0.00070476654,80,50,15
0.8187007,824.62054,0.0009928211,80,50,15
0.50944424,592.22705,0.0008602178,80,50,15
0.0,330.87912,0.0,80,50,15
0.7453646,629.8425,0.0011834142,80,50,15
0.71432656,564.36414,0.0012657193,80,50,15
0.0,297.10388,0.0,80,50,15
0.0,160.17488,0.0,80,50,15
0.71927804,442.3431,0.0016260636,80,50,15
0.7202943,415.27908,0.0017344825,80,50,15
0.22404763,173.88255,0.0012884998,80,50,15
0.7350982,468.55188,0.0015688726,80,50,15
0.61461496,279.996,0.0021950847,80,50,15
0.78226286,548.295,0.001426719,80,50,15
0.59626055,646.50024,0.00092228974,80,50,15
0.76032126,497.62048,0.001527914,80,50,15
0.0,212.81557,0.0,80,50,15
0.73616123,429.29916,0.0017147977,80,50,15
0.760359,461.81387,0.001646462,80,50,15
0.7254067,458.59073,0.0015818172,80,50,15
0.39359555,372.6946,0.0010560806,80,50,15
0.1546961,400.70255,0.0003860622,80,50,15
0.73839575,440.06964,0.0016779066,80,50,15
0.6900113,372.32166,0.0018532667,80,50,15
0.718368,432.52182,0.0016608826,80,50,15
0.78114146,563.4766,0.001386289,80,50,15
0.7167161,397.04153,0.0018051415,80,50,15
0.7846371,717.8873,0.0010929808,80,50,15
0.82179475,788.6455,0.0010420331,80,50,15
0.79568267,537.10565,0.0014814268,80,50,15
0.19914226,226.29929,0.0008799951,80,50,15
0.47660226,880.0457,0.00054156536,80,50,15
0.7580721,481.2943,0.0015750697,80,50,15
0.7251919,387.66565,0.0018706633,80,50,15
0.6470984,706.04926,0.00091650605,80,50,15
0.60875344,259.27567,0.0023479005,80,50,15
3.5955765e-15,302.04803,1.1903989e-17,80,50,15
0.46923333,832.64154,0.00056354783,80,50,15
0.81956077,737.5761,0.0011111542,80,50,15
0.6738307,319.5222,0.0021088698,80,50,15
0.68947166,294.26465,0.0023430325,80,50,15
0.72696435,427.1504,0.0017018932,80,50,15
0.75117445,482.113,0.0015580879,80,50,15
0.75420344,417.42932,0.0018067812,80,50,15
0.71104294,365.63278,0.0019446914,80,50,15
0.0,166.11566,0.0,80,50,15
0.673624,319.00558,0.002111637,80,50,15
0.5209846,653.16785,0.00079762744,80,50,15
0.7869984,544.7278,0.0014447554,80,50,15
0.1452918,425.0603,0.00034181456,80,50,15
0.7280665,434.70276,0.0016748606,80,50,15
0.2763568,500.1555,0.00055254175,80,50,15
0.7776183,545.77057,0.001424808,80,50,15
0.75995994,465.74652,0.0016317029,80,50,15
0.7539459,423.00366,0.0017823626,80,50,15
0.0,239.65433,0.0,80,50,15
0.70227754,445.0963,0.0015778103,80,50,15
0.73041666,367.3063,0.0019885765,80,50,15
0.75390464,490.01398,0.001538537,80,50,15
0.82179475,1528.8436,0.000537527,80,50,15
0.82179475,1589.4773,0.00051702204,80,50,15
0.8137021,772.85114,0.0010528575,80,50,15
0.82179475,783.47754,0.0010489066,80,50,15
0.0,341.52243,0.0,80,50,15
0.7194931,381.82837,0.0018843364,80,50,15
0.74441576,362.10162,0.00205582,80,50,15
0.5301859,724.27185,0.00073202606,80,50,15
3.916304e-14,202.26958,1.9361805e-16,80,50,15
0.81335396,583.8633,0.0013930555,80,50,15
3.761391e-14,486.417,7.732853e-17,80,50,15
0.82179475,622.74316,0.0013196367,80,50,15
0.6948755,295.47757,0.002351703,80,50,15
0.71819633,340.41992,0.0021097364,80,50,15
0.7355359,373.79175,0.0019677693,80,50,15
0.7385606,355.90024,0.00207519,80,50,15
0.7245407,279.91724,0.0025884104,80,50,15
0.0,126.41646,0.0,80,50,15
0.8071173,524.3343,0.0015393181,80,50,15
0.0,264.37466,0.0,80,50,15
0.0,249.16328,0.0,80,50,15
0.028234743,328.0999,8.605532e-05,80,50,15
0.80387825,536.1127,0.0014994576,80,50,15
0.0,210.65439,0.0,80,50,15
0.7509287,304.4076,0.0024668528,80,50,15
0.82085377,439.36594,0.001868269,80,50,15
0.0,246.27072,0.0,80,50,15
0.8154423,411.93713,0.001979531,80,50,15
0.8109419,413.79416,0.0019597712,80,50,15
0.0,136.69124,0.0,80,50,15
0.7445009,284.3759,0.002618017,80,50,15
0.4328092,267.55783,0.0016176286,80,50,15
0.0,342.43945,0.0,80,50,15
7.1588144e-16,289.30408,2.4744949e-18,80,50,15
0.78461796,344.41776,0.0022780995,80,50,15
0.1796984,363.44125,0.0004944359,80,50,15
4.5618796e-16,399.22525,1.1426831e-18,80,50,15
0.0,204.53258,0.0,80,50,15
0.80414444,374.20398,0.0021489467,80,50,15
0.0,7.764724,0.0,80,50,15
1.5970454e-14,230.3238,6.9339136e-17,80,50,15
0.82179475,513.6578,0.0015998877,80,50,15
0.6763062,899.0243,0.00075226685,80,50,15
0.80172986,396.4867,0.0020220852,80,50,15
0.80486333,419.1953,0.0019200199,80,50,15
0.75011325,280.82443,0.0026711111,80,50,15
0.7738708,320.7484,0.0024127036,80,50,15
0.3418944,757.048,0.00045161523,80,50,15
0.54975176,660.8074,0.0008319395,80,50,15
0.82179475,472.27304,0.0017400839,80,50,15
0.4460056,548.37317,0.000813325,80,50,15
0.6558915,500.8532,0.0013095483,80,50,15
0.68507,611.3706,0.0011205478,80,50,15
0.0,255.89278,0.0,80,50,15
0.6237006,251.25443,0.0024823467,80,50,15
0.82179475,735.0621,0.0011179937,80,50,15
0.79832774,408.9992,0.0019519053,80,50,15
0.81816494,486.25995,0.0016825671,80,50,15
0.78818214,363.66113,0.0021673532,80,50,15
0.2005291,702.3253,0.00028552167,80,50,15
0.77250546,793.1573,0.00097396254,80,50,15
0.8189546,477.174,0.0017162599,80,50,15
0.57577163,769.96124,0.000747793,80,50,15
0.7967147,393.5787,0.0020242832,80,50,15
0.7299665,291.92264,0.0025005478,80,50,15
0.82179475,708.3729,0.0011601159,80,50,15
0.82179475,861.60016,0.0009538006,80,50,15
0.0,7.764724,0.0,80,50,15
0.55277556,649.4053,0.00085120276,80,50,15
0.8200516,490.74008,0.0016710508,80,50,15
0.74871266,317.91144,0.0023550983,80,50,15
0.0,7.764724,0.0,80,50,15
0.7951358,695.46106,0.0011433219,80,50,15
0.58681077,1044.2285,0.00056195626,80,50,15
0.7966595,393.14166,0.002026393,80,50,15
0.45726994,830.59204,0.0005505349,80,50,15
0.66140234,394.155,0.001678026,80,50,15
0.0,273.74576,0.0,80,50,15
0.58509827,802.0152,0.0007295351,80,50,15
0.81246364,443.75067,0.0018309013,80,50,15
0.7083591,275.21576,0.002573832,80,50,15
0.720882,862.823,0.00083549233,80,50,15
0.82179475,740.5835,0.0011096585,80,50,15
0.7011475,272.44,0.002573585,80,50,15
0.68312603,289.35422,0.0023608643,80,50,15
0.82179475,613.2263,0.0013401166,80,50,15
0.79676056,403.5119,0.0019745652,80,50,15
0.76275444,350.1839,0.002178154,80,50,15
0.82179475,490.00293,0.0016771221,80,50,15
0.56199986,630.7522,0.00089099945,80,50,15
0.20634201,720.16895,0.0002865189,80,50,15
0.28058994,479.18988,0.0005855506,80,50,15
0.13409762,441.29657,0.00030387187,80,50,15
0.72996444,395.33673,0.0018464372,80,50,15
0.6036577,716.2005,0.00084286137,80,50,15
3.8827554e-15,265.93796,1.460023e-17,80,50,15
0.54847485,723.30475,0.0007582901,80,50,15
0.71647257,314.48965,0.002278207,80,50,15
0.82048064,726.00464,0.0011301314,80,50,15
0.025119584,218.20966,0.00011511674,80,50,15
0.8007058,430.98483,0.0018578514,80,50,15
0.58699214,605.35065,0.0009696729,80,50,15
0.30009928,587.23895,0.00051103433,80,50,15
0.82179475,569.8757,0.0014420598,80,50,15
0.7375785,737.6033,0.0009999664,80,50,15
0.66505384,267.35355,0.0024875444,80,50,15
0.0,7.764724,0.0,80,50,15
7.959245e-15,168.63234,4.7198807e-17,80,50,15
0.82179475,1162.9397,0.00070665294,80,50,15
0.5601863,582.4875,0.0009617139,80,50,15
0.7021726,295.56165,0.0023757229,80,50,15
0.10453032,561.80096,0.0001860629,80,50,15
0.19752209,448.81613,0.00044009578,80,50,15
0.23611915,355.54605,0.00066410284,80,50,15
0.7548067,287.37408,0.002626565,80,50,15
0.7930591,387.27438,0.0020477965,80,50,15
1.7616347e-13,180.5465,9.757236e-16,80,50,15
0.7883072,341.5118,0.0023082867,80,50,15
0.81810915,650.3002,0.0012580485,80,50,15
0.23745756,662.4724,0.00035844144,80,50,15
8.623709e-17,7.764724,1.1106267e-17,80,50,15
0.75110584,737.5923,0.0010183211,80,50,15
0.8010038,443.85907,0.0018046355,80,50,15
0.4550606,810.9358,0.0005611549,80,50,15
0.48302582,770.6128,0.00062680745,80,50,15
0.5564412,753.7848,0.00073819637,80,50,15
0.5456669,775.6483,0.0007034978,80,50,15
0.6704679,687.4204,0.000975339,80,50,15
0.37720984,482.97372,0.00078101526,80,50,15
0.77705544,375.303,0.002070475,80,50,15
0.7308647,296.7811,0.002462639,80,50,15
0.82179475,793.0389,0.0010362604,80,50,15
0.0,157.55238,0.0,80,50,15
2.2164226e-15,7.764724,2.8544772e-16,80,50,15
0.6720513,950.9519,0.0007067143,80,50,15
0.78981066,413.07523,0.0019120262,80,50,15
7.186032e-14,205.65164,3.494274e-16,80,50,15
0.76411694,352.20325,0.002169534,80,50,15
0.77304786,370.34634,0.0020873647,80,50,15
0.82179475,593.5364,0.0013845735,80,50,15
0.82179475,711.73285,0.0011546393,80,50,15
0.51265246,669.97125,0.00076518574,80,50,15
0.04921054,818.5527,6.0118968e-05,80,50,15
0.79339635,432.7196,0.0018335115,80,50,15
0.81213695,364.88553,0.0022257308,80,50,15
0.21408576,626.35944,0.00034179378,80,50,15
1.68589e-16,314.39636,5.362308e-19,80,50,15
0.5141157,485.93115,0.0010580011,80,50,15
0.09782582,294.0706,0.000332661,80,50,15
0.0,268.4509,0.0,80,50,15
0.82179475,434.49695,0.0018913706,80,50,15
0.0,339.1826,0.0,80,50,15
0.43006882,491.78598,0.00087450404,80,50,15
0.41622856,707.8975,0.0005879786,80,50,15
0.6653877,469.6956,0.001416636,80,50,15
0.0,279.1541,0.0,80,50,15
0.5017776,759.4105,0.0006607462,80,50,15
0.0,206.68912,0.0,80,50,15
4.9147276e-30,243.71158,2.0166164e-32,80,50,15
0.0,156.59482,0.0,80,50,15
0.79517674,416.42563,0.0019095289,80,50,15
0.40255195,369.67148,0.0010889451,80,50,15
0.0,7.764724,0.0,80,50,15
0.37849385,297.16132,0.0012736983,80,50,15
0.68561924,755.1806,0.00090788776,80,50,15
0.0,117.406044,0.0,80,50,15
0.79644144,433.074,0.0018390423,80,50,15
4.7106633e-14,223.02681,2.1121512e-16,80,50,15
0.0,185.17923,0.0,80,50,15
0.79508096,347.47562,0.0022881634,80,50,15
0.798021,502.22675,0.0015889656,80,50,15
0.13973507,957.1272,0.00014599426,80,50,15
0.0,128.70813,0.0,80,50,15
0.55016935,273.8816,0.0020087855,80,50,15
0.8155946,724.79285,0.0011252796,80,50,15
0.7075209,305.20126,0.002318211,80,50,15
0.79243416,419.93994,0.0018870179,80,50,15
0.7424671,368.4004,0.002015381,80,50,15
0.0,331.93088,0.0,80,50,15
0.0,79.08896,0.0,80,50,15
0.75487846,390.06937,0.0019352416,80,50,15
0.102614604,344.6607,0.00029772642,80,50,15
0.23018807,616.9357,0.00037311515,80,50,15
0.19237146,630.35284,0.00030518058,80,50,15
0.488701,256.7641,0.0019033073,80,50,15
0.6941862,291.46014,0.0023817534,80,50,15
0.07142619,614.2745,0.00011627732,80,50,15
0.72004086,340.72867,0.0021132382,80,50,15
0.0,199.23941,0.0,80,50,15
0.8013206,524.28595,0.0015284037,80,50,15
0.2512024,224.85893,0.0011171555,80,50,15
0.82179475,753.70135,0.0010903453,80,50,15
0.36343944,234.12979,0.001552299,80,50,15
0.6954869,296.26123,0.0023475462,80,50,15
0.076432206,425.21384,0.00017975004,80,50,15
7.554871e-15,57.431232,1.3154637e-16,80,50,15
0.8068778,534.14856,0.0015105868,80,50,15
0.78980404,463.37378,0.0017044642,80,50,15
1.6751916e-14,413.23862,4.053812e-17,80,50,15
0.5248089,360.21677,0.0014569252,80,50,15
0.7234906,327.37756,0.0022099577,80,50,15
0.777313,432.34253,0.0017979101,80,50,15
0.82179475,676.0988,0.001215495,80,50,15
0.30042893,545.65283,0.0005505862,80,50,15
0.0,195.39275,0.0,80,50,15
0.7011971,331.42337,0.0021157141,80,50,15
0.32846457,544.256,0.0006035112,80,50,15
0.72911185,383.03098,0.0019035323,80,50,15
0.40646467,425.6801,0.0009548594,80,50,15
0.3233416,746.5927,0.0004330897,80,50,15
0.0,296.11343,0.0,80,50,15
0.0,202.83768,0.0,80,50,15
0.6805992,322.728,0.0021088943,80,50,15
0.8058857,1220.2073,0.0006604498,80,50,15
0.0,385.86465,0.0,80,50,15
0.0,270.3444,0.0,80,50,15
0.49310905,748.21796,0.00065904466,80,50,15
0.7415421,395.754,0.0018737451,80,50,15
0.6629749,305.36322,0.0021711027,80,50,15
0.0,7.764724,0.0,80,50,15
0.21439771,389.334,0.0005506781,80,50,15
0.80824137,741.92,0.0010893915,80,50,15
0.7499541,380.94476,0.001968669,80,50,15
0.75716203,417.32446,0.0018143246,80,50,15
0.82179475,575.9117,0.0014269458,80,50,15
6.9770805e-17,562.8751,1.2395432e-19,80,50,15
0.62581486,616.83545,0.0010145572,80,50,15
0.7042167,603.5856,0.0011667223,80,50,15
0.0,7.764724,0.0,80,50,15
0.743463,404.84232,0.0018364261,80,50,15
0.7285354,334.26273,0.0021795293,80,50,15
0.21026486,367.1217,0.0005727388,80,50,15
0.27224472,194.5463,0.0013993827,80,50,15
0.26622158,556.79913,0.00047812858,80,50,15
0.7981965,702.5652,0.0011361174,80,50,15
0.69504994,322.62073,0.002154387,80,50,15
0.67645097,309.9619,0.002182368,80,50,15
0.40465853,505.5523,0.0008004286,80,50,15
0.14779781,441.689,0.00033461963,80,50,15
0.82179475,803.0224,0.0010233771,80,50,15
0.7869195,396.21588,0.0019860878,80,50,15
0.7401683,350.7155,0.002110452,80,50,15
0.68219846,325.44852,0.0020961794,80,50,15
0.72037727,339.74158,0.0021203682,80,50,15
0.22228572,400.0016,0.0005557121,80,50,15
4.8479745e-16,86.666336,5.5938383e-18,80,50,15
0.5356498,488.93478,0.0010955444,80,50,15
0.63944286,669.43365,0.00095519976,80,50,15
0.53896356,263.58676,0.0020447292,80,50,15
0.60219324,237.7621,0.0025327553,80,50,15
1.7515825e-16,184.48207,9.494594e-19,80,50,15
0.75222105,372.55304,0.0020190978,80,50,15
0.73019284,354.48367,0.0020598772,80,50,15
0.82179475,1512.091,0.00054348237,80,50,15
0.0,94.082794,0.0,80,50,15
0.70187336,320.49167,0.0021899894,80,50,15
0.30041957,596.9198,0.000503283,80,50,15
0.6012688,702.4833,0.0008559191,80,50,15
0.5741603,243.33194,0.0023595763,80,50,15
0.71205777,626.8349,0.0011359574,80,50,15
0.67692083,308.50134,0.0021942232,80,50,15
0.81861204,768.269,0.0010655279,80,50,15
0.22395541,355.04224,0.00063078525,80,50,15
0.37206426,583.0444,0.00063814054,80,50,15
7.3726306e-30,225.06046,3.2758444e-32,80,50,15
0.7217471,318.78442,0.00226406,80,50,15
4.3215399e-16,7.764724,5.5656067e-17,80,50,15
0.8033745,525.28723,0.0015294005,80,50,15
0.82179475,1164.3685,0.00070578576,80,50,15
0.72100854,333.54645,0.0021616437,80,50,15
0.19204287,513.9329,0.00037367304,80,50,15
0.78345037,460.93668,0.001699692,80,50,15
0.786237,468.83585,0.0016769985,80,50,15
0.44962263,599.0963,0.0007505014,80,50,15
0.6294443,729.3345,0.0008630393,80,50,15
2.7896085e-16,248.73889,1.1215008e-18,80,50,15
0.0,749.36664,0.0,80,50,15
0.6626621,550.50354,0.0012037382,80,50,15
0.15089373,413.8343,0.00036462356,80,50,15
3.076705e-16,44.512722,6.911968e-18,80,50,15
0.6903311,314.34085,0.0021961227,80,50,15
0.39431986,596.47955,0.0006610786,80,50,15
0.18863657,543.12524,0.0003473169,80,50,15
0.7412976,341.91266,0.0021680905,80,50,15
0.25482294,547.7368,0.0004652288,80,50,15
0.12973657,362.35147,0.0003580407,80,50,15
0.82179475,517.64233,0.0015875725,80,50,15
0.81520206,1204.6207,0.00067672925,80,50,15
0.7532783,348.60773,0.0021608192,80,50,15
0.59985113,647.97424,0.000925733,80,50,15
0.663443,797.6238,0.0008317744,80,50,15
0.81613135,412.47958,0.001978598,80,50,15
6.2993073e-16,7.764724,8.1127254e-17,80,50,15
0.5259831,519.79034,0.001011914,80,50,15
0.6939473,323.35437,0.0021460892,80,50,15
0.73184615,353.7885,0.0020685978,80,50,15
0.7329683,348.09778,0.002105639,80,50,15
0.73096544,348.38748,0.0020981391,80,50,15
0.82179475,680.7756,0.0012071449,80,50,15
0.7233297,345.99734,0.0020905645,80,50,15
0.6753951,320.34964,0.002108306,80,50,15
0.21590741,461.04904,0.00046829597,80,50,15
0.7844053,387.12982,0.0020262073,80,50,15
0.7699139,373.0377,0.0020639037,80,50,15
0.78567773,851.13446,0.00092309475,80,50,15
0.46268716,806.61847,0.0005736134,80,50,15
0.82179475,579.40936,0.0014183319,80,50,15
0.5397365,573.5352,0.0009410695,80,50,15
0.56739634,273.74576,0.0020727129,80,50,15
0.59734607,274.5511,0.0021757192,80,50,15
0.71613765,341.38623,0.0020977345,80,50,15
0.43531668,205.82257,0.0021150094,80,50,15
0.53689533,234.12804,0.0022931697,80,50,15
0.0,228.18456,0.0,80,50,15
9.30154e-29,211.70602,4.3936114e-31,80,50,15
0.8179953,709.4493,0.0011530004,80,50,15
0.7074486,328.45892,0.002153842,80,50,15
0.27161238,192.1614,0.0014134595,80,50,15
0.49691334,649.9689,0.0007645187,80,50,15
0.79835117,480.14163,0.001662741,80,50,15
0.3480972,559.7703,0.0006218572,80,50,15
0.31675878,579.0405,0.0005470408,80,50,15
8.621392e-15,483.69995,1.7823843e-17,80,50,15
0.82179475,642.5012,0.0012790555,80,50,15
0.75679845,365.08755,0.0020729231,80,50,15
0.6791848,306.65668,0.0022148052,80,50,15
0.72509545,340.9551,0.0021266595,80,50,15
0.82179475,768.88837,0.001068809,80,50,15
0.71642363,329.8538,0.002171943,80,50,15
0.7867938,393.7263,0.001998327,80,50,15
0.6337963,727.45245,0.0008712546,80,50,15
0.8122543,473.9361,0.0017138477,80,50,15
0.0,111.46066,0.0,80,50,15
0.61220336,276.27454,0.002215924,80,50,15
9.8078e-16,8.87047,1.1056686e-16,80,50,15
0.0,103.60376,0.0,80,50,15
0.4645526,719.6448,0.00064553047,80,50,15
0.36616737,487.7175,0.0007507776,80,50,15
0.5167744,461.63074,0.001119454,80,50,15
0.7305548,353.82687,0.002064724,80,50,15
0.7796919,385.47855,0.0020226596,80,50,15
0.75700134,431.07355,0.0017560839,80,50,15
0.5428051,748.86163,0.00072484027,80,50,15
0.62069404,676.6792,0.00091726484,80,50,15
0.6466313,290.51712,0.0022257941,80,50,15
0.57738024,274.95428,0.0020999135,80,50,15
0.8139044,531.3427,0.001531788,80,50,15
0.5346474,813.4209,0.0006572826,80,50,15
0.5054678,303.6796,0.0016644773,80,50,15
0.53317916,249.21051,0.002139473,80,50,15
0.80430585,857.5418,0.0009379203,80,50,15
0.61063296,628.6832,0.00097128877,80,50,15
0.11857309,169.15984,0.000700953,80,50,15
0.5360102,590.904,0.000907102,80,50,15
0.0,121.92735,0.0,80,50,15
0.82179475,797.56287,0.0010303825,80,50,15
0.80827826,518.1871,0.0015598194,80,50,15
0.78808635,413.7955,0.001904531,80,50,15
0.70260274,326.0386,0.002154968,80,50,15
0.39703232,575.14465,0.0006903173,80,50,15
0.45951813,317.67053,0.0014465243,80,50,15
0.13746846,421.2338,0.00032634716,80,50,15
0.55151206,250.47534,0.0022018617,80,50,15
0.08669586,336.39813,0.000257718,80,50,15
0.34202886,485.82608,0.000704015,80,50,15
0.82179475,889.233,0.00092416134,80,50,15
0.6640176,309.8016,0.002143364,80,50,15
0.7621888,385.4864,0.0019772132,80,50,15
0.60786074,687.77936,0.00088380196,80,50,15
0.81091845,518.8474,0.0015629228,80,50,15
0.0,465.63077,0.0,80,50,15
0.5956434,260.3042,0.0022882589,80,50,15
0.6106318,243.55687,0.0025071427,80,50,15
0.7901765,462.97397,0.0017067407,80,50,15
0.81226313,505.86447,0.0016056931,80,50,15
7.463009e-16,193.42938,3.8582603e-18,80,50,15
0.0,141.71701,0.0,80,50,15
0.16864976,376.01416,0.0004485197,80,50,15
0.5154278,557.10846,0.000925184,80,50,15
0.5183161,220.33727,0.002352376,80,50,15
0.67689633,295.78226,0.0022884954,80,50,15
0.6472625,810.4904,0.000798606,80,50,15
0.16863178,385.88998,0.00043699445,80,50,15
0.39917132,515.3885,0.0007745057,80,50,15
0.21272193,146.57639,0.0014512701,80,50,15
0.64058787,294.9509,0.0021718459,80,50,15
0.34486848,166.57213,0.0020703853,80,50,15
0.30043212,598.8663,0.00050166814,80,50,15
0.82179475,787.7458,0.0010432233,80,50,15
0.51293457,238.67111,0.0021491272,80,50,15
0.6851752,317.8945,0.002155354,80,50,15
0.61718667,439.29996,0.0014049322,80,50,15
0.54753757,246.23964,0.0022235964,80,50,15
0.7289487,352.70612,0.0020667312,80,50,15
0.7061773,334.8655,0.0021088386,80,50,15
0.5601552,247.77533,0.0022607385,80,50,15
0.7918282,482.85553,0.0016398864,80,50,15
0.5018732,649.3249,0.0007729154,80,50,15
0.7405748,351.4174,0.0021073937,80,50,15
0.66459674,261.87524,0.0025378373,80,50,15
0.7926421,401.72714,0.0019730858,80,50,15
0.68033254,279.31644,0.0024357054,80,50,15
0.45042673,483.60565,0.0009313926,80,50,15
0.64621246,815.0555,0.00079284474,80,50,15
0.6034678,917.3682,0.0006578251,80,50,15
0.06593769,247.28806,0.00026664324,80,50,15
0.0,162.66727,0.0,80,50,15
0.7349115,677.90704,0.0010840889,80,50,15
0.7821351,382.6047,0.0020442382,80,50,15
0.74178964,740.755,0.0010013967,80,50,15
0.0,170.17181,0.0,80,50,15
0.17588688,392.76495,0.00044781715,80,50,15
0.72509164,349.2836,0.0020759394,80,50,15
0.5536313,764.6733,0.0007240103,80,50,15
0.82179475,723.5848,0.0011357269,80,50,15
0.7560296,337.54083,0.0022398168,80,50,15
0.73445064,293.55405,0.0025019264,80,50,15
0.7864121,370.5363,0.002122362,80,50,15
0.13756241,475.43124,0.0002893424,80,50,15
0.0,129.50848,0.0,80,50,15
0.7542853,272.70282,0.0027659608,80,50,15
0.0,216.34398,0.0,80,50,15
0.4350208,642.652,0.00067691505,80,50,15
0.0,251.33685,0.0,80,50,15
0.30636007,379.6416,0.0008069718,80,50,15
0.51703405,602.22845,0.00085853477,80,50,15
0.5807259,534.5944,0.0010862924,80,50,15
0.0,253.43602,0.0,80,50,15
0.0,174.19664,0.0,80,50,15
0.6204316,285.92896,0.0021698803,80,50,15
0.7363407,364.0412,0.002022685,80,50,15
0.0,222.02689,0.0,80,50,15
0.2900887,542.8475,0.00053438346,80,50,15
0.65515363,305.67798,0.0021432803,80,50,15
0.81671727,548.454,0.0014891264,80,50,15
6.091859e-16,185.92838,3.2764545e-18,80,50,15
0.5975085,268.3295,0.0022267716,80,50,15
4.663381e-16,223.0543,2.0906932e-18,80,50,15
0.0,171.2003,0.0,80,50,15
0.2075023,422.30832,0.00049135264,80,50,15
0.0,339.63815,0.0,80,50,15
0.0,205.97987,0.0,80,50,15
0.6401639,299.19678,0.0021396084,80,50,15
0.6366162,292.3562,0.002177536,80,50,15
0.0,7.764724,0.0,80,50,15
0.6637108,239.07596,0.0027761501,80,50,15
0.095493145,327.68082,0.00029142122,80,50,15
0.75713897,387.85028,0.0019521423,80,50,15
0.7763543,414.47656,0.0018730958,80,50,15
0.29676816,537.2968,0.0005523356,80,50,15
0.68810755,291.30234,0.0023621765,80,50,15
0.6735611,272.45004,0.002472237,80,50,15
0.06685168,392.5065,0.00017031994,80,50,15
0.5628045,180.50325,0.0031179744,80,50,15
0.82179475,1160.9193,0.00070788275,80,50,15
0.21051309,209.79045,0.0010034445,80,50,15
0.06722573,297.89743,0.00022566738,80,50,15
0.7017198,838.6959,0.00083667965,80,50,15
0.7155775,327.82312,0.0021828157,80,50,15
0.68036634,302.05667,0.002252446,80,50,15
0.7080985,318.4124,0.0022238407,80,50,15
0.81660825,1513.3585,0.0005396,80,50,15
0.7054886,288.62442,0.0024443136,80,50,15
0.7005521,296.6029,0.0023619193,80,50,15
0.6872432,264.66702,0.0025966333,80,50,15
0.68620944,429.60657,0.0015972974,80,50,15
0.73905736,358.60992,0.0020608949,80,50,15
5.4276253e-15,137.39392,3.9504114e-17,80,50,15
0.6596829,227.0372,0.002905616,80,50,15
0.121501766,392.1139,0.00030986345,80,50,15
0.40554193,469.9997,0.0008628557,80,50,15
0.56965405,804.0187,0.0007085085,80,50,15
0.46291527,507.29593,0.0009125153,80,50,15
0.0,7.764724,0.0,80,50,15
0.82179475,878.639,0.0009353042,80,50,15
0.0,80.11674,0.0,80,50,15
0.79105514,446.0016,0.00177366,80,50,15
0.75714207,357.59186,0.0021173358,80,50,15
0.4168458,1090.819,0.00038214022,80,50,15
0.2542363,351.65057,0.00072297995,80,50,15
0.7627803,314.05875,0.0024287822,80,50,15
0.6473043,961.0988,0.00067350443,80,50,15
0.2916848,483.02176,0.0006038751,80,50,15
0.5028145,719.10345,0.0006992241,80,50,15
0.40893474,693.79663,0.00058941584,80,50,15
0.21608944,439.4254,0.00049175456,80,50,15
9.480922e-16,105.176865,9.014266e-18,80,50,15
1.1975038e-15,106.648834,1.12284755e-17,80,50,15
0.54002565,435.34323,0.0012404595,80,50,15
0.7615656,359.24237,0.0021199216,80,50,15
0.7878933,436.14313,0.0018065016,80,50,15
3.6134146e-15,166.26913,2.1732323e-17,80,50,15
0.74100304,328.41568,0.002256296,80,50,15
0.7085713,1162.3633,0.0006095954,80,50,15
0.7718482,389.2559,0.0019828812,80,50,15
0.75726867,346.33316,0.0021865324,80,50,15
0.24820189,395.20764,0.00062802905,80,50,15
5.4239344e-17,7.764724,6.985354e-18,80,50,15
0.12810534,307.7599,0.00041625093,80,50,15
0.42104468,512.3437,0.00082180125,80,50,15
0.40840495,498.31644,0.0008195695,80,50,15
0.5616841,889.214,0.00063166354,80,50,15
0.0029179272,138.98972,2.0993835e-05,80,50,15
0.63019234,913.22,0.00069007726,80,50,15
